/*M!999999\- enable the sandbox mode */ 
-- MariaDB dump 10.19-11.8.2-MariaDB, for debian-linux-gnu (x86_64)
--
-- Host: localhost    Database: left4dead2
-- ------------------------------------------------------
-- Server version	11.8.2-MariaDB-ubu2404

/*!40101 SET @OLD_CHARACTER_SET_CLIENT=@@CHARACTER_SET_CLIENT */;
/*!40101 SET @OLD_CHARACTER_SET_RESULTS=@@CHARACTER_SET_RESULTS */;
/*!40101 SET @OLD_COLLATION_CONNECTION=@@COLLATION_CONNECTION */;
/*!40101 SET NAMES utf8mb4 */;
/*!40103 SET @OLD_TIME_ZONE=@@TIME_ZONE */;
/*!40103 SET TIME_ZONE='+00:00' */;
/*!40014 SET @OLD_UNIQUE_CHECKS=@@UNIQUE_CHECKS, UNIQUE_CHECKS=0 */;
/*!40014 SET @OLD_FOREIGN_KEY_CHECKS=@@FOREIGN_KEY_CHECKS, FOREIGN_KEY_CHECKS=0 */;
/*!40101 SET @OLD_SQL_MODE=@@SQL_MODE, SQL_MODE='NO_AUTO_VALUE_ON_ZERO' */;
/*M!100616 SET @OLD_NOTE_VERBOSITY=@@NOTE_VERBOSITY, NOTE_VERBOSITY=0 */;

--
-- Table structure for table `map_info`
--

DROP TABLE IF EXISTS `map_info`;
/*!40101 SET @saved_cs_client     = @@character_set_client */;
/*!40101 SET character_set_client = utf8mb4 */;
CREATE TABLE `map_info` (
  `mission_id` varchar(64) DEFAULT NULL,
  `mapid` varchar(32) NOT NULL,
  `name` varchar(128) NOT NULL,
  `chapter_count` smallint(6) DEFAULT NULL,
  `flags` smallint(6) DEFAULT 0 COMMENT '1:official',
  PRIMARY KEY (`mapid`)
) ENGINE=InnoDB DEFAULT CHARSET=utf8mb4 COLLATE=utf8mb4_general_ci;
/*!40101 SET character_set_client = @saved_cs_client */;

--
-- Dumping data for table `map_info`
--

LOCK TABLES `map_info` WRITE;
/*!40000 ALTER TABLE `map_info` DISABLE KEYS */;
set autocommit=0;
INSERT INTO `map_info` VALUES
(NULL,'dune_05','Vox Aeterna',5,0),
(NULL,'requiem_05','Prodeus Requiem',5,0),
(NULL,'td_shinjuku','Tokyo Dark',3,0);
/*!40000 ALTER TABLE `map_info` ENABLE KEYS */;
UNLOCK TABLES;
commit;

--
-- Table structure for table `map_ratings`
--

DROP TABLE IF EXISTS `map_ratings`;
/*!40101 SET @saved_cs_client     = @@character_set_client */;
/*!40101 SET character_set_client = utf8mb4 */;
CREATE TABLE `map_ratings` (
  `map_id` varchar(64) NOT NULL,
  `steamid` varchar(32) NOT NULL,
  `value` tinyint(4) NOT NULL,
  `comment` varchar(200) DEFAULT NULL,
  PRIMARY KEY (`map_id`,`steamid`)
) ENGINE=InnoDB DEFAULT CHARSET=utf8mb4 COLLATE=utf8mb4_general_ci;
/*!40101 SET character_set_client = @saved_cs_client */;

--
-- Dumping data for table `map_ratings`
--

LOCK TABLES `map_ratings` WRITE;
/*!40000 ALTER TABLE `map_ratings` DISABLE KEYS */;
set autocommit=0;
/*!40000 ALTER TABLE `map_ratings` ENABLE KEYS */;
UNLOCK TABLES;
commit;

--
-- Table structure for table `stats_games`
--

DROP TABLE IF EXISTS `stats_games`;
/*!40101 SET @saved_cs_client     = @@character_set_client */;
/*!40101 SET character_set_client = utf8mb4 */;
CREATE TABLE `stats_games` (
  `id` bigint(20) unsigned NOT NULL AUTO_INCREMENT,
  `steamid` varchar(20) NOT NULL,
  `map` varchar(128) NOT NULL COMMENT 'the map id',
  `flags` tinyint(4) NOT NULL DEFAULT 0,
  `campaignID` uuid NOT NULL COMMENT 'unique campaign session id',
  `gamemode` varchar(30) CHARACTER SET ascii COLLATE ascii_general_ci DEFAULT NULL,
  `difficulty` tinyint(2) NOT NULL DEFAULT 0,
  `duration` int(11) GENERATED ALWAYS AS ((`date_end` - `date_start`) / 60) VIRTUAL COMMENT 'in minutes',
  `join_time` bigint(20) unsigned NOT NULL COMMENT 'when user first joined game',
  `date_start` bigint(20) unsigned DEFAULT NULL COMMENT 'when campaign started',
  `date_end` bigint(20) NOT NULL,
  `finale_time` int(11) unsigned NOT NULL,
  `characterType` tinyint(3) unsigned DEFAULT NULL,
  `ping` tinyint(4) unsigned DEFAULT NULL,
  `server_tags` text DEFAULT NULL,
  `ZombieKills` int(10) unsigned NOT NULL DEFAULT 0,
  `MeleeKills` smallint(10) unsigned NOT NULL DEFAULT 0,
  `SurvivorDamage` int(10) unsigned NOT NULL DEFAULT 0,
  `SurvivorFFCount` mediumint(8) unsigned NOT NULL DEFAULT 0,
  `SurvivorFFTakenCount` int(11) DEFAULT NULL,
  `SurvivorFFDamage` int(11) DEFAULT NULL,
  `SurvivorFFTakenDamage` int(11) DEFAULT NULL,
  `MedkitsUsed` tinyint(10) unsigned NOT NULL DEFAULT 0,
  `FirstAidShared` tinyint(10) unsigned NOT NULL DEFAULT 0,
  `PillsUsed` smallint(10) unsigned NOT NULL DEFAULT 0,
  `MolotovsUsed` smallint(10) unsigned NOT NULL DEFAULT 0,
  `PipebombsUsed` smallint(10) unsigned NOT NULL DEFAULT 0,
  `BoomerBilesUsed` smallint(10) unsigned NOT NULL DEFAULT 0,
  `AdrenalinesUsed` smallint(10) unsigned NOT NULL DEFAULT 0,
  `DefibrillatorsUsed` smallint(10) unsigned NOT NULL DEFAULT 0,
  `DamageTaken` int(10) unsigned NOT NULL DEFAULT 0,
  `ReviveOtherCount` smallint(10) unsigned NOT NULL DEFAULT 0,
  `Incaps` smallint(10) unsigned NOT NULL DEFAULT 0,
  `Deaths` tinyint(10) unsigned NOT NULL DEFAULT 0,
  `boomer_kills` smallint(10) unsigned DEFAULT NULL,
  `smoker_kills` smallint(10) unsigned DEFAULT NULL,
  `jockey_kills` smallint(10) unsigned DEFAULT NULL,
  `hunter_kills` smallint(10) unsigned DEFAULT NULL,
  `spitter_kills` smallint(10) unsigned DEFAULT NULL,
  `charger_kills` smallint(10) unsigned DEFAULT NULL,
  `SpecialInfectedKills` int(10) unsigned GENERATED ALWAYS AS (`boomer_kills` + `spitter_kills` + `jockey_kills` + `charger_kills` + `hunter_kills` + `smoker_kills`) VIRTUAL,
  `honks` smallint(5) unsigned DEFAULT 0,
  `top_weapon` varchar(64) DEFAULT NULL,
  `minutes_idle` mediumint(8) unsigned NOT NULL DEFAULT 0,
  `WitchesCrowned` mediumint(8) unsigned NOT NULL DEFAULT 0,
  `SmokersSelfCleared` mediumint(8) unsigned NOT NULL DEFAULT 0,
  `RocksHitBy` mediumint(8) unsigned NOT NULL DEFAULT 0,
  `RocksDodged` mediumint(8) unsigned NOT NULL DEFAULT 0,
  `HuntersDeadstopped` mediumint(8) unsigned NOT NULL DEFAULT 0,
  `TimesPinned` mediumint(8) unsigned NOT NULL DEFAULT 0,
  `ClearedPinned` mediumint(8) unsigned DEFAULT 0,
  `BoomedTeammates` smallint(5) unsigned NOT NULL DEFAULT 0,
  `TimesBoomed` mediumint(8) unsigned NOT NULL DEFAULT 0,
  `DamageToTank` mediumint(8) unsigned NOT NULL DEFAULT 0,
  `DamageToWitch` mediumint(8) unsigned NOT NULL DEFAULT 0,
  `DamageDealt` int(10) unsigned NOT NULL DEFAULT 0,
  `CarAlarmsActivated` tinyint(3) unsigned NOT NULL DEFAULT 0,
  PRIMARY KEY (`id`),
  KEY `userindex` (`steamid`)
) ENGINE=InnoDB AUTO_INCREMENT=5 DEFAULT CHARSET=utf8mb4 COLLATE=utf8mb4_general_ci;
/*!40101 SET character_set_client = @saved_cs_client */;

--
-- Dumping data for table `stats_games`
--

LOCK TABLES `stats_games` WRITE;
/*!40000 ALTER TABLE `stats_games` DISABLE KEYS */;
set autocommit=0;
INSERT INTO `stats_games` VALUES
(1,'STEAM_1:0:727844272','requiem_05',0,'509bd8e6-5f15-11f0-976f-02420a0b0013','coop',2,9,1752312985,1752320533,1752321058,499,4,1,'',307,55,313,72,104,189,384,3,0,2,2,0,0,0,0,395,2,4,0,58,31,0,57,0,0,146,3,'weapon_shotgun_spas',0,0,0,0,0,0,0,0,0,0,0,0,0,0),
(2,'STEAM_1:1:50902447','requiem_05',0,'509bd8e6-5f15-11f0-976f-02420a0b0013','coop',2,9,1752313168,1752320533,1752321058,499,0,5,'',349,77,734,123,41,407,144,6,1,1,1,1,0,1,0,336,4,1,0,50,61,0,84,0,0,195,7,'weapon_rifle_desert',0,0,0,0,0,0,0,0,0,0,0,0,0,0),
(3,'STEAM_1:1:42077851','requiem_05',0,'509bd8e6-5f15-11f0-976f-02420a0b0013','coop',2,9,1752313024,1752320533,1752321058,499,5,5,'',269,1,585,82,116,392,393,3,0,1,1,4,1,1,0,552,1,4,1,31,44,0,21,0,0,96,5,'crowbar',0,0,0,0,0,0,0,0,0,0,0,0,0,0),
(4,'STEAM_1:0:77194684','requiem_05',0,'509bd8e6-5f15-11f0-976f-02420a0b0013','coop',2,9,1752313028,1752320533,1752321058,499,6,5,'',320,0,441,78,91,252,307,2,1,1,1,2,0,1,0,329,4,3,1,74,56,0,61,0,0,191,12,'weapon_autoshotgun',0,0,0,0,0,0,0,0,0,0,0,0,0,0);
/*!40000 ALTER TABLE `stats_games` ENABLE KEYS */;
UNLOCK TABLES;
commit;

--
-- Table structure for table `stats_heatmaps`
--

DROP TABLE IF EXISTS `stats_heatmaps`;
/*!40101 SET @saved_cs_client     = @@character_set_client */;
/*!40101 SET character_set_client = utf8mb4 */;
CREATE TABLE `stats_heatmaps` (
  `id` int(11) NOT NULL AUTO_INCREMENT,
  `steamid` varchar(32) NOT NULL,
  `timestamp` int(11) NOT NULL DEFAULT unix_timestamp(),
  `map` varchar(64) NOT NULL,
  `type` smallint(6) NOT NULL,
  `x` int(11) DEFAULT NULL,
  `y` int(11) DEFAULT NULL,
  `z` int(11) DEFAULT NULL,
  PRIMARY KEY (`id`)
) ENGINE=InnoDB AUTO_INCREMENT=409357 DEFAULT CHARSET=utf8mb4 COLLATE=utf8mb4_general_ci;
/*!40101 SET character_set_client = @saved_cs_client */;

--
-- Dumping data for table `stats_heatmaps`
--

LOCK TABLES `stats_heatmaps` WRITE;
/*!40000 ALTER TABLE `stats_heatmaps` DISABLE KEYS */;
set autocommit=0;
/*!40000 ALTER TABLE `stats_heatmaps` ENABLE KEYS */;
UNLOCK TABLES;
commit;

--
-- Table structure for table `stats_points`
--

DROP TABLE IF EXISTS `stats_points`;
/*!40101 SET @saved_cs_client     = @@character_set_client */;
/*!40101 SET character_set_client = utf8mb4 */;
CREATE TABLE `stats_points` (
  `id` int(11) NOT NULL AUTO_INCREMENT,
  `steamid` varchar(32) NOT NULL,
  `type` smallint(6) NOT NULL,
  `amount` smallint(6) NOT NULL,
  `timestamp` int(11) NOT NULL,
  PRIMARY KEY (`id`),
  KEY `stats_points_stats_users_steamid_fk` (`steamid`),
  KEY `stats_points_timestamp_index` (`timestamp`)
) ENGINE=InnoDB AUTO_INCREMENT=2710 DEFAULT CHARSET=utf8mb4 COLLATE=utf8mb4_general_ci;
/*!40101 SET character_set_client = @saved_cs_client */;

--
-- Dumping data for table `stats_points`
--

LOCK TABLES `stats_points` WRITE;
/*!40000 ALTER TABLE `stats_points` DISABLE KEYS */;
set autocommit=0;
INSERT INTO `stats_points` VALUES
(5,'STEAM_1:1:50902447',9,-10,1752293888),
(6,'STEAM_1:1:50902447',9,-10,1752293900),
(7,'STEAM_1:1:50902447',9,-10,1752293900),
(8,'STEAM_1:1:50902447',3,6,1752293954),
(9,'STEAM_1:1:50902447',8,2,1752293975),
(10,'STEAM_1:1:50902447',9,-10,1752293977),
(11,'STEAM_1:1:50902447',9,-10,1752293978),
(12,'STEAM_1:1:50902447',3,6,1752293981),
(13,'STEAM_1:1:50902447',3,6,1752293987),
(14,'STEAM_1:1:50902447',9,-10,1752293992),
(15,'STEAM_1:1:50902447',9,-10,1752293992),
(16,'STEAM_1:1:50902447',9,-10,1752293992),
(17,'STEAM_1:1:50902447',3,6,1752293993),
(18,'STEAM_1:1:50902447',9,-10,1752293997),
(19,'STEAM_1:1:50902447',3,6,1752293998),
(20,'STEAM_1:1:50902447',3,6,1752294007),
(21,'STEAM_1:1:42077851',8,2,1752293880),
(22,'STEAM_1:1:42077851',8,2,1752293880),
(23,'STEAM_1:1:42077851',3,6,1752293888),
(24,'STEAM_1:1:42077851',3,6,1752293923),
(25,'STEAM_1:1:42077851',8,2,1752293933),
(26,'STEAM_1:1:42077851',3,6,1752293934),
(27,'STEAM_1:1:42077851',13,20,1752293986),
(28,'STEAM_1:1:42077851',8,2,1752294002),
(29,'STEAM_1:1:42077851',9,-10,1752294021),
(30,'STEAM_1:1:42077851',9,-10,1752294021),
(31,'STEAM_1:1:42077851',9,-10,1752294021),
(32,'STEAM_1:1:42077851',3,6,1752294025),
(33,'STEAM_1:1:42077851',3,6,1752294026),
(34,'STEAM_1:0:77194684',3,6,1752294540),
(35,'STEAM_1:0:77194684',8,2,1752294541),
(36,'STEAM_1:0:77194684',3,6,1752294542),
(37,'STEAM_1:0:77194684',8,2,1752294550),
(38,'STEAM_1:0:77194684',8,2,1752294553),
(39,'STEAM_1:0:77194684',8,2,1752294553),
(40,'STEAM_1:0:77194684',8,2,1752294578),
(41,'STEAM_1:0:77194684',3,6,1752294587),
(42,'STEAM_1:0:77194684',3,6,1752294593),
(43,'STEAM_1:0:77194684',8,2,1752294598),
(44,'STEAM_1:0:77194684',8,2,1752294599),
(45,'STEAM_1:0:77194684',8,2,1752294601),
(46,'STEAM_1:0:77194684',8,2,1752294601),
(47,'STEAM_1:0:77194684',8,2,1752294607),
(48,'STEAM_1:0:77194684',9,-10,1752294611),
(49,'STEAM_1:0:77194684',3,6,1752295095),
(50,'STEAM_1:0:77194684',8,2,1752295097),
(51,'STEAM_1:0:77194684',3,6,1752295098),
(52,'STEAM_1:0:77194684',8,2,1752295101),
(53,'STEAM_1:0:77194684',8,2,1752295101),
(54,'STEAM_1:0:77194684',3,6,1752295134),
(55,'STEAM_1:0:77194684',3,6,1752295143),
(56,'STEAM_1:0:77194684',3,6,1752295164),
(57,'STEAM_1:0:77194684',3,6,1752295177),
(58,'STEAM_1:0:727844272',11,25,1752295117),
(59,'STEAM_1:0:727844272',3,6,1752295125),
(60,'STEAM_1:0:727844272',9,-10,1752295148),
(61,'STEAM_1:0:727844272',3,6,1752295270),
(62,'STEAM_1:0:727844272',8,2,1752295299),
(63,'STEAM_1:0:727844272',8,2,1752295305),
(64,'STEAM_1:0:727844272',3,6,1752295345),
(65,'STEAM_1:0:727844272',3,6,1752295348),
(66,'STEAM_1:0:727844272',3,6,1752295392),
(67,'STEAM_1:0:727844272',3,6,1752295429),
(68,'STEAM_1:0:727844272',8,2,1752295461),
(69,'STEAM_1:0:727844272',3,6,1752295477),
(70,'STEAM_1:0:727844272',3,6,1752295530),
(71,'STEAM_1:0:727844272',8,2,1752295551),
(72,'STEAM_1:0:727844272',3,6,1752295572),
(73,'STEAM_1:0:727844272',3,6,1752295582),
(74,'STEAM_1:0:727844272',13,20,1752295586),
(75,'STEAM_1:0:727844272',3,6,1752295624),
(76,'STEAM_1:0:727844272',4,6,1752295626),
(77,'STEAM_1:0:727844272',3,6,1752295723),
(78,'STEAM_1:0:727844272',3,6,1752295742),
(79,'STEAM_1:0:727844272',8,2,1752295752),
(80,'STEAM_1:0:727844272',9,-10,1752295762),
(81,'STEAM_1:0:727844272',9,-10,1752295762),
(82,'STEAM_1:0:727844272',9,-10,1752295762),
(83,'STEAM_1:0:727844272',9,-10,1752295762),
(84,'STEAM_1:0:727844272',9,-10,1752295762),
(85,'STEAM_1:0:727844272',9,-10,1752295762),
(86,'STEAM_1:0:727844272',9,-10,1752295762),
(87,'STEAM_1:0:727844272',9,-10,1752295762),
(88,'STEAM_1:0:727844272',3,6,1752295762),
(89,'STEAM_1:0:727844272',3,6,1752295783),
(90,'STEAM_1:0:727844272',3,6,1752295854),
(91,'STEAM_1:0:727844272',8,2,1752295872),
(92,'STEAM_1:0:727844272',3,6,1752295881),
(93,'STEAM_1:0:727844272',3,6,1752295911),
(94,'STEAM_1:0:727844272',9,-10,1752295938),
(95,'STEAM_1:0:727844272',8,2,1752295947),
(96,'STEAM_1:1:42077851',3,6,1752295085),
(97,'STEAM_1:1:42077851',8,2,1752295245),
(98,'STEAM_1:1:42077851',9,-10,1752295251),
(99,'STEAM_1:1:42077851',3,6,1752295260),
(100,'STEAM_1:1:42077851',3,6,1752295260),
(101,'STEAM_1:1:42077851',3,6,1752295267),
(102,'STEAM_1:1:42077851',8,2,1752295282),
(103,'STEAM_1:1:42077851',8,2,1752295282),
(104,'STEAM_1:1:42077851',9,-10,1752295283),
(105,'STEAM_1:1:42077851',3,6,1752295306),
(106,'STEAM_1:1:42077851',9,-10,1752295310),
(107,'STEAM_1:1:42077851',3,6,1752295310),
(108,'STEAM_1:1:42077851',8,2,1752295340),
(109,'STEAM_1:1:42077851',8,2,1752295341),
(110,'STEAM_1:1:42077851',8,2,1752295342),
(111,'STEAM_1:1:42077851',8,2,1752295345),
(112,'STEAM_1:1:42077851',8,2,1752295345),
(113,'STEAM_1:1:42077851',9,-10,1752295355),
(114,'STEAM_1:1:42077851',8,2,1752295355),
(115,'STEAM_1:1:42077851',3,6,1752295424),
(116,'STEAM_1:1:42077851',8,2,1752295435),
(117,'STEAM_1:1:42077851',8,2,1752295437),
(118,'STEAM_1:1:42077851',3,6,1752295438),
(119,'STEAM_1:1:42077851',3,6,1752295454),
(120,'STEAM_1:1:42077851',9,-10,1752295474),
(121,'STEAM_1:1:42077851',9,-10,1752295474),
(122,'STEAM_1:1:42077851',9,-10,1752295474),
(123,'STEAM_1:1:42077851',3,6,1752295480),
(124,'STEAM_1:1:42077851',8,2,1752295493),
(125,'STEAM_1:1:42077851',3,6,1752295543),
(126,'STEAM_1:1:42077851',9,-10,1752295619),
(127,'STEAM_1:1:42077851',4,66,1752295626),
(128,'STEAM_1:1:42077851',3,6,1752295634),
(129,'STEAM_1:1:42077851',8,2,1752295718),
(130,'STEAM_1:1:42077851',8,2,1752295720),
(131,'STEAM_1:1:42077851',9,-10,1752295720),
(132,'STEAM_1:1:42077851',9,-10,1752295720),
(133,'STEAM_1:1:42077851',8,2,1752295734),
(134,'STEAM_1:1:42077851',8,2,1752295734),
(135,'STEAM_1:1:42077851',8,2,1752295740),
(136,'STEAM_1:1:42077851',3,6,1752295765),
(137,'STEAM_1:1:42077851',8,2,1752295766),
(138,'STEAM_1:1:42077851',8,2,1752295776),
(139,'STEAM_1:1:42077851',8,2,1752295805),
(140,'STEAM_1:1:42077851',11,25,1752295818),
(141,'STEAM_1:1:42077851',11,25,1752295839),
(142,'STEAM_1:1:42077851',8,2,1752295947),
(143,'STEAM_1:1:50902447',3,6,1752295090),
(144,'STEAM_1:1:50902447',9,-10,1752295090),
(145,'STEAM_1:1:50902447',9,-10,1752295090),
(146,'STEAM_1:1:50902447',9,-10,1752295090),
(147,'STEAM_1:1:50902447',9,-10,1752295090),
(148,'STEAM_1:1:50902447',3,6,1752295092),
(149,'STEAM_1:1:50902447',9,-10,1752295092),
(150,'STEAM_1:1:50902447',3,6,1752295094),
(151,'STEAM_1:1:50902447',8,2,1752295094),
(152,'STEAM_1:1:50902447',3,6,1752295123),
(153,'STEAM_1:1:50902447',3,6,1752295135),
(154,'STEAM_1:1:50902447',3,6,1752295273),
(155,'STEAM_1:1:50902447',3,6,1752295277),
(156,'STEAM_1:1:50902447',9,-10,1752295279),
(157,'STEAM_1:1:50902447',9,-10,1752295279),
(158,'STEAM_1:1:50902447',3,6,1752295311),
(159,'STEAM_1:1:50902447',3,6,1752295317),
(160,'STEAM_1:1:50902447',9,-10,1752295317),
(161,'STEAM_1:1:50902447',9,-10,1752295344),
(162,'STEAM_1:1:50902447',9,-20,1752295349),
(163,'STEAM_1:1:50902447',11,25,1752295361),
(164,'STEAM_1:1:50902447',3,6,1752295366),
(165,'STEAM_1:1:50902447',3,6,1752295367),
(166,'STEAM_1:1:50902447',9,-20,1752295372),
(167,'STEAM_1:1:50902447',3,6,1752295400),
(168,'STEAM_1:1:50902447',9,-20,1752295413),
(169,'STEAM_1:1:50902447',3,6,1752295417),
(170,'STEAM_1:1:50902447',3,6,1752295453),
(171,'STEAM_1:1:50902447',8,2,1752295466),
(172,'STEAM_1:1:50902447',8,2,1752295488),
(173,'STEAM_1:1:50902447',8,2,1752295503),
(174,'STEAM_1:1:50902447',8,2,1752295504),
(175,'STEAM_1:1:50902447',3,6,1752295504),
(176,'STEAM_1:1:50902447',9,-20,1752295531),
(177,'STEAM_1:1:50902447',3,6,1752295547),
(178,'STEAM_1:1:50902447',3,6,1752295555),
(179,'STEAM_1:1:50902447',3,6,1752295570),
(180,'STEAM_1:1:50902447',9,-10,1752295575),
(181,'STEAM_1:1:50902447',9,-10,1752295575),
(182,'STEAM_1:1:50902447',3,6,1752295575),
(183,'STEAM_1:1:50902447',3,6,1752295591),
(184,'STEAM_1:1:50902447',9,-20,1752295619),
(185,'STEAM_1:1:50902447',9,-20,1752295620),
(186,'STEAM_1:1:50902447',4,19,1752295626),
(187,'STEAM_1:1:50902447',3,6,1752295632),
(188,'STEAM_1:1:50902447',9,-20,1752295634),
(189,'STEAM_1:1:50902447',9,-20,1752295634),
(190,'STEAM_1:1:50902447',3,6,1752295736),
(191,'STEAM_1:1:50902447',3,6,1752295773),
(192,'STEAM_1:1:50902447',3,6,1752295776),
(193,'STEAM_1:1:50902447',8,2,1752295804),
(194,'STEAM_1:1:50902447',3,6,1752295811),
(195,'STEAM_1:1:50902447',9,-20,1752295819),
(196,'STEAM_1:1:50902447',3,6,1752295827),
(197,'STEAM_1:1:50902447',8,2,1752295834),
(198,'STEAM_1:1:50902447',8,2,1752295839),
(199,'STEAM_1:1:50902447',10,50,1752295855),
(200,'STEAM_1:1:50902447',3,6,1752295868),
(201,'STEAM_1:1:50902447',9,-20,1752295873),
(202,'STEAM_1:1:50902447',3,6,1752295873),
(203,'STEAM_1:1:50902447',3,6,1752295899),
(204,'STEAM_1:1:50902447',3,6,1752295902),
(205,'STEAM_1:1:50902447',8,2,1752295915),
(206,'STEAM_1:1:50902447',3,6,1752295932),
(207,'STEAM_1:1:50902447',3,6,1752295943),
(208,'STEAM_1:1:50902447',3,6,1752295944),
(209,'STEAM_1:0:77194684',5,15,1752295259),
(210,'STEAM_1:0:77194684',11,25,1752295277),
(211,'STEAM_1:0:77194684',3,6,1752295296),
(212,'STEAM_1:0:77194684',8,2,1752295305),
(213,'STEAM_1:0:77194684',3,6,1752295340),
(214,'STEAM_1:0:77194684',3,6,1752295340),
(215,'STEAM_1:0:77194684',3,6,1752295376),
(216,'STEAM_1:0:77194684',3,6,1752295381),
(217,'STEAM_1:0:77194684',3,6,1752295402),
(218,'STEAM_1:0:77194684',8,2,1752295414),
(219,'STEAM_1:0:77194684',3,6,1752295424),
(220,'STEAM_1:0:77194684',3,6,1752295482),
(221,'STEAM_1:0:77194684',3,6,1752295527),
(222,'STEAM_1:0:77194684',3,6,1752295529),
(223,'STEAM_1:0:77194684',8,2,1752295601),
(224,'STEAM_1:0:77194684',4,8,1752295626),
(225,'STEAM_1:0:77194684',8,2,1752295723),
(226,'STEAM_1:0:77194684',3,6,1752295774),
(227,'STEAM_1:0:77194684',8,2,1752295791),
(228,'STEAM_1:0:77194684',3,6,1752295861),
(229,'STEAM_1:0:77194684',8,2,1752295862),
(230,'STEAM_1:0:77194684',8,2,1752295867),
(231,'STEAM_1:0:77194684',8,2,1752295869),
(232,'STEAM_1:0:77194684',8,2,1752295878),
(233,'STEAM_1:0:77194684',5,15,1752295892),
(234,'STEAM_1:0:77194684',3,6,1752295902),
(235,'STEAM_1:0:77194684',3,6,1752295903),
(236,'STEAM_1:0:77194684',9,-10,1752295908),
(237,'STEAM_1:0:77194684',8,2,1752295911),
(238,'STEAM_1:0:77194684',8,2,1752295946),
(239,'STEAM_1:1:50902447',3,6,1752296128),
(240,'STEAM_1:1:50902447',8,2,1752296133),
(241,'STEAM_1:1:50902447',8,2,1752296133),
(242,'STEAM_1:1:50902447',8,2,1752296149),
(243,'STEAM_1:1:50902447',9,-20,1752296209),
(244,'STEAM_1:1:50902447',9,-20,1752296210),
(245,'STEAM_1:1:50902447',9,-20,1752296211),
(246,'STEAM_1:1:50902447',9,-20,1752296212),
(247,'STEAM_1:1:50902447',9,-20,1752296213),
(248,'STEAM_1:1:50902447',9,-20,1752296214),
(249,'STEAM_1:1:50902447',4,19,1752296217),
(250,'STEAM_1:1:50902447',11,25,1752296226),
(251,'STEAM_1:1:50902447',3,6,1752296330),
(252,'STEAM_1:1:50902447',3,6,1752296409),
(253,'STEAM_1:1:50902447',9,-10,1752296410),
(254,'STEAM_1:1:50902447',9,-10,1752296410),
(255,'STEAM_1:1:50902447',9,-10,1752296410),
(256,'STEAM_1:1:50902447',10,50,1752296439),
(257,'STEAM_1:1:50902447',3,6,1752296500),
(258,'STEAM_1:1:50902447',9,-10,1752296539),
(259,'STEAM_1:1:50902447',9,-10,1752296539),
(260,'STEAM_1:1:50902447',8,2,1752296570),
(261,'STEAM_1:1:50902447',8,2,1752296570),
(262,'STEAM_1:1:50902447',8,2,1752296570),
(263,'STEAM_1:1:50902447',8,2,1752296575),
(264,'STEAM_1:1:50902447',8,2,1752296597),
(265,'STEAM_1:1:50902447',9,-10,1752296597),
(266,'STEAM_1:1:50902447',3,6,1752296633),
(267,'STEAM_1:1:50902447',8,2,1752296635),
(268,'STEAM_1:1:50902447',8,2,1752296635),
(269,'STEAM_1:1:50902447',3,6,1752296643),
(270,'STEAM_1:1:50902447',11,25,1752296662),
(271,'STEAM_1:1:50902447',3,6,1752296665),
(272,'STEAM_1:1:50902447',3,6,1752296668),
(273,'STEAM_1:1:50902447',8,2,1752296709),
(274,'STEAM_1:1:50902447',3,6,1752296733),
(275,'STEAM_1:1:50902447',3,6,1752296745),
(276,'STEAM_1:1:50902447',3,6,1752296787),
(277,'STEAM_1:1:50902447',8,2,1752296850),
(278,'STEAM_1:1:50902447',8,2,1752296873),
(279,'STEAM_1:1:50902447',3,6,1752296883),
(280,'STEAM_1:1:50902447',3,6,1752296904),
(281,'STEAM_1:1:50902447',9,-10,1752296921),
(282,'STEAM_1:1:50902447',9,-10,1752296921),
(283,'STEAM_1:1:50902447',9,-10,1752296921),
(284,'STEAM_1:1:50902447',11,25,1752296931),
(285,'STEAM_1:1:50902447',11,25,1752296947),
(286,'STEAM_1:1:50902447',3,6,1752296975),
(287,'STEAM_1:1:50902447',3,6,1752296986),
(288,'STEAM_1:1:50902447',12,7,1752297003),
(289,'STEAM_1:0:727844272',3,6,1752296123),
(290,'STEAM_1:0:727844272',3,6,1752296129),
(291,'STEAM_1:0:727844272',8,2,1752296131),
(292,'STEAM_1:0:727844272',8,2,1752296131),
(293,'STEAM_1:0:727844272',8,2,1752296132),
(294,'STEAM_1:0:727844272',3,6,1752296189),
(295,'STEAM_1:0:727844272',9,-10,1752296196),
(296,'STEAM_1:0:727844272',9,-10,1752296196),
(297,'STEAM_1:0:727844272',9,-10,1752296196),
(298,'STEAM_1:0:727844272',9,-10,1752296212),
(299,'STEAM_1:0:727844272',4,17,1752296217),
(300,'STEAM_1:0:727844272',9,-10,1752296222),
(301,'STEAM_1:0:727844272',9,-10,1752296229),
(302,'STEAM_1:0:727844272',9,-10,1752296230),
(303,'STEAM_1:0:727844272',8,2,1752296321),
(304,'STEAM_1:0:727844272',8,2,1752296324),
(305,'STEAM_1:0:727844272',9,-10,1752296337),
(306,'STEAM_1:0:727844272',8,2,1752296390),
(307,'STEAM_1:0:727844272',3,6,1752296418),
(308,'STEAM_1:0:727844272',11,25,1752296425),
(309,'STEAM_1:0:727844272',3,6,1752296468),
(310,'STEAM_1:0:727844272',3,6,1752296577),
(311,'STEAM_1:0:727844272',9,-10,1752296644),
(312,'STEAM_1:0:727844272',9,-10,1752296644),
(313,'STEAM_1:0:727844272',9,-10,1752296644),
(314,'STEAM_1:0:727844272',11,25,1752296684),
(315,'STEAM_1:0:727844272',8,2,1752296690),
(316,'STEAM_1:0:727844272',8,2,1752296710),
(317,'STEAM_1:0:727844272',3,6,1752296715),
(318,'STEAM_1:0:727844272',3,6,1752296726),
(319,'STEAM_1:0:727844272',8,2,1752296728),
(320,'STEAM_1:0:727844272',3,6,1752296774),
(321,'STEAM_1:0:727844272',3,6,1752296890),
(322,'STEAM_1:0:727844272',9,-10,1752296895),
(323,'STEAM_1:0:727844272',9,-10,1752296895),
(324,'STEAM_1:0:727844272',9,-10,1752296895),
(325,'STEAM_1:0:727844272',9,-10,1752296895),
(326,'STEAM_1:0:727844272',9,-10,1752296895),
(327,'STEAM_1:0:727844272',9,-10,1752296895),
(328,'STEAM_1:0:727844272',9,-10,1752296895),
(329,'STEAM_1:0:727844272',9,-10,1752296895),
(330,'STEAM_1:0:727844272',9,-10,1752296895),
(331,'STEAM_1:0:727844272',9,-10,1752296895),
(332,'STEAM_1:0:727844272',3,6,1752296897),
(333,'STEAM_1:0:727844272',9,-10,1752296901),
(334,'STEAM_1:0:727844272',9,-10,1752296901),
(335,'STEAM_1:0:727844272',8,2,1752296903),
(336,'STEAM_1:0:727844272',9,-10,1752296903),
(337,'STEAM_1:0:727844272',9,-10,1752296903),
(338,'STEAM_1:0:727844272',11,25,1752296917),
(339,'STEAM_1:0:727844272',8,2,1752297151),
(340,'STEAM_1:0:727844272',11,25,1752297173),
(341,'STEAM_1:0:727844272',3,6,1752297186),
(342,'STEAM_1:0:727844272',3,6,1752297188),
(343,'STEAM_1:0:727844272',3,6,1752297196),
(344,'STEAM_1:0:727844272',9,-10,1752297241),
(345,'STEAM_1:0:727844272',9,-10,1752297241),
(346,'STEAM_1:0:727844272',9,-10,1752297241),
(347,'STEAM_1:0:727844272',9,-10,1752297253),
(348,'STEAM_1:0:727844272',9,-10,1752297254),
(349,'STEAM_1:0:727844272',9,-10,1752297258),
(350,'STEAM_1:0:727844272',9,-10,1752297259),
(351,'STEAM_1:0:727844272',4,12,1752297265),
(352,'STEAM_1:0:727844272',11,25,1752297269),
(353,'STEAM_1:0:727844272',8,2,1752297360),
(354,'STEAM_1:0:727844272',3,6,1752297378),
(355,'STEAM_1:0:727844272',3,6,1752297422),
(356,'STEAM_1:0:727844272',3,6,1752297435),
(357,'STEAM_1:0:727844272',8,2,1752297471),
(358,'STEAM_1:0:727844272',8,2,1752297471),
(359,'STEAM_1:0:727844272',9,-20,1752297480),
(360,'STEAM_1:0:727844272',3,6,1752297482),
(361,'STEAM_1:0:727844272',3,6,1752297485),
(362,'STEAM_1:0:727844272',3,6,1752297491),
(363,'STEAM_1:0:727844272',3,6,1752297535),
(364,'STEAM_1:0:727844272',3,6,1752297537),
(365,'STEAM_1:0:727844272',11,25,1752297605),
(366,'STEAM_1:0:727844272',3,6,1752297618),
(367,'STEAM_1:0:727844272',8,2,1752297679),
(368,'STEAM_1:0:727844272',8,2,1752297700),
(369,'STEAM_1:1:42077851',3,6,1752296315),
(370,'STEAM_1:1:42077851',8,2,1752296327),
(371,'STEAM_1:1:42077851',8,2,1752296344),
(372,'STEAM_1:1:42077851',3,6,1752296347),
(373,'STEAM_1:1:42077851',3,6,1752296508),
(374,'STEAM_1:1:42077851',3,6,1752296508),
(375,'STEAM_1:1:42077851',8,2,1752296518),
(376,'STEAM_1:1:42077851',8,2,1752296519),
(377,'STEAM_1:1:42077851',8,2,1752296544),
(378,'STEAM_1:1:42077851',8,2,1752296567),
(379,'STEAM_1:1:42077851',8,2,1752296567),
(380,'STEAM_1:1:42077851',8,2,1752296608),
(381,'STEAM_1:1:42077851',3,6,1752296616),
(382,'STEAM_1:1:42077851',9,-10,1752296616),
(383,'STEAM_1:1:42077851',8,2,1752296631),
(384,'STEAM_1:1:42077851',8,2,1752296635),
(385,'STEAM_1:1:42077851',3,6,1752296648),
(386,'STEAM_1:1:42077851',3,6,1752296679),
(387,'STEAM_1:1:42077851',8,2,1752296712),
(388,'STEAM_1:1:42077851',3,6,1752296753),
(389,'STEAM_1:1:42077851',3,6,1752297176),
(390,'STEAM_1:1:42077851',9,-10,1752297243),
(391,'STEAM_1:1:42077851',9,-10,1752297249),
(392,'STEAM_1:1:42077851',3,6,1752297251),
(393,'STEAM_1:1:42077851',4,6,1752297265),
(394,'STEAM_1:1:42077851',9,-10,1752297284),
(395,'STEAM_1:1:42077851',11,25,1752297291),
(396,'STEAM_1:1:42077851',9,-10,1752297324),
(397,'STEAM_1:1:42077851',11,25,1752297334),
(398,'STEAM_1:1:42077851',8,2,1752297478),
(399,'STEAM_1:1:42077851',9,-40,1752297505),
(400,'STEAM_1:1:42077851',8,2,1752297527),
(401,'STEAM_1:1:42077851',3,6,1752297580),
(402,'STEAM_1:1:42077851',3,6,1752297582),
(403,'STEAM_1:1:42077851',3,6,1752297585),
(404,'STEAM_1:1:42077851',8,2,1752297626),
(405,'STEAM_1:1:42077851',9,-10,1752297640),
(406,'STEAM_1:1:42077851',9,-10,1752297640),
(407,'STEAM_1:1:42077851',9,-10,1752297641),
(408,'STEAM_1:1:42077851',8,2,1752297683),
(409,'STEAM_1:1:42077851',8,2,1752297683),
(410,'STEAM_1:0:77194684',8,2,1752296120),
(411,'STEAM_1:0:77194684',8,2,1752296155),
(412,'STEAM_1:0:77194684',9,-10,1752296214),
(413,'STEAM_1:0:77194684',4,64,1752296217),
(414,'STEAM_1:0:77194684',3,6,1752296282),
(415,'STEAM_1:0:77194684',3,6,1752296283),
(416,'STEAM_1:0:77194684',3,6,1752296331),
(417,'STEAM_1:0:77194684',3,6,1752296353),
(418,'STEAM_1:0:77194684',3,6,1752296363),
(419,'STEAM_1:0:77194684',8,2,1752296389),
(420,'STEAM_1:0:77194684',3,6,1752296462),
(421,'STEAM_1:0:77194684',3,6,1752296463),
(422,'STEAM_1:0:77194684',3,6,1752296463),
(423,'STEAM_1:0:77194684',3,6,1752296465),
(424,'STEAM_1:0:77194684',3,6,1752296549),
(425,'STEAM_1:0:77194684',3,6,1752296560),
(426,'STEAM_1:0:77194684',8,2,1752296572),
(427,'STEAM_1:0:77194684',9,-10,1752296624),
(428,'STEAM_1:0:77194684',3,6,1752296697),
(429,'STEAM_1:0:77194684',3,6,1752296698),
(430,'STEAM_1:0:77194684',8,2,1752296702),
(431,'STEAM_1:0:77194684',3,6,1752296735),
(432,'STEAM_1:0:77194684',3,6,1752296751),
(433,'STEAM_1:0:77194684',3,6,1752296790),
(434,'STEAM_1:0:77194684',8,2,1752296882),
(435,'STEAM_1:0:77194684',8,2,1752296908),
(436,'STEAM_1:0:77194684',3,6,1752296922),
(437,'STEAM_1:0:77194684',3,6,1752296926),
(438,'STEAM_1:0:77194684',3,6,1752296932),
(439,'STEAM_1:0:77194684',3,6,1752296942),
(440,'STEAM_1:0:77194684',3,6,1752296945),
(441,'STEAM_1:0:77194684',3,6,1752296946),
(442,'STEAM_1:0:77194684',9,-500,1752297066),
(443,'STEAM_1:0:77194684',8,2,1752297158),
(444,'STEAM_1:0:77194684',8,2,1752297158),
(445,'STEAM_1:0:77194684',3,6,1752297194),
(446,'STEAM_1:0:77194684',3,6,1752297204),
(447,'STEAM_1:0:77194684',3,6,1752297233),
(448,'STEAM_1:0:77194684',9,-10,1752297245),
(449,'STEAM_1:0:77194684',9,-10,1752297245),
(450,'STEAM_1:0:77194684',9,-10,1752297245),
(451,'STEAM_1:0:77194684',9,-10,1752297245),
(452,'STEAM_1:0:77194684',9,-10,1752297245),
(453,'STEAM_1:0:77194684',9,-10,1752297245),
(454,'STEAM_1:0:77194684',9,-10,1752297249),
(455,'STEAM_1:0:77194684',9,-10,1752297249),
(456,'STEAM_1:0:77194684',9,-10,1752297249),
(457,'STEAM_1:0:77194684',9,-10,1752297249),
(458,'STEAM_1:0:77194684',9,-10,1752297249),
(459,'STEAM_1:0:77194684',9,-10,1752297249),
(460,'STEAM_1:0:77194684',9,-10,1752297249),
(461,'STEAM_1:0:77194684',9,-10,1752297249),
(462,'STEAM_1:0:77194684',9,-10,1752297249),
(463,'STEAM_1:0:77194684',9,-10,1752297249),
(464,'STEAM_1:0:77194684',4,71,1752297265),
(465,'STEAM_1:0:77194684',8,2,1752297297),
(466,'STEAM_1:0:77194684',11,25,1752297319),
(467,'STEAM_1:0:77194684',3,6,1752297327),
(468,'STEAM_1:0:77194684',11,25,1752297362),
(469,'STEAM_1:0:77194684',10,50,1752297378),
(470,'STEAM_1:0:77194684',8,2,1752297473),
(471,'STEAM_1:0:77194684',3,6,1752297475),
(472,'STEAM_1:0:77194684',3,6,1752297496),
(473,'STEAM_1:0:77194684',3,6,1752297510),
(474,'STEAM_1:0:77194684',3,6,1752297523),
(475,'STEAM_1:0:77194684',3,6,1752297527),
(476,'STEAM_1:0:77194684',3,6,1752297557),
(477,'STEAM_1:0:77194684',3,6,1752297643),
(478,'STEAM_1:0:77194684',8,2,1752297647),
(479,'STEAM_1:0:77194684',3,6,1752297656),
(480,'STEAM_1:0:77194684',8,2,1752297697),
(481,'STEAM_1:1:42077851',3,6,1752297823),
(482,'STEAM_1:1:42077851',3,6,1752297825),
(483,'STEAM_1:1:42077851',9,-10,1752297835),
(484,'STEAM_1:1:42077851',9,-10,1752297835),
(485,'STEAM_1:1:42077851',9,-10,1752297835),
(486,'STEAM_1:1:42077851',4,17,1752297851),
(487,'STEAM_1:1:42077851',9,-10,1752297853),
(488,'STEAM_1:1:42077851',3,6,1752297888),
(489,'STEAM_1:1:42077851',3,6,1752297890),
(490,'STEAM_1:1:42077851',9,-10,1752297936),
(491,'STEAM_1:1:42077851',9,-10,1752297958),
(492,'STEAM_1:1:42077851',9,-10,1752297958),
(493,'STEAM_1:1:42077851',9,-10,1752297960),
(494,'STEAM_1:1:42077851',9,-10,1752297960),
(495,'STEAM_1:1:42077851',9,-10,1752297960),
(496,'STEAM_1:1:42077851',9,-10,1752297960),
(497,'STEAM_1:1:42077851',9,-10,1752297960),
(498,'STEAM_1:1:42077851',9,-10,1752297960),
(499,'STEAM_1:1:42077851',9,-10,1752297960),
(500,'STEAM_1:1:42077851',9,-10,1752297960),
(501,'STEAM_1:1:42077851',9,-10,1752297961),
(502,'STEAM_1:1:42077851',9,-10,1752297961),
(503,'STEAM_1:1:42077851',9,-10,1752297961),
(504,'STEAM_1:1:42077851',9,-10,1752297961),
(505,'STEAM_1:1:42077851',9,-10,1752297961),
(506,'STEAM_1:1:42077851',9,-10,1752297961),
(507,'STEAM_1:1:42077851',9,-10,1752297961),
(508,'STEAM_1:1:42077851',9,-10,1752297961),
(509,'STEAM_1:1:42077851',9,-10,1752297961),
(510,'STEAM_1:1:42077851',11,25,1752297983),
(511,'STEAM_1:1:42077851',3,6,1752298018),
(512,'STEAM_1:1:42077851',3,6,1752298033),
(513,'STEAM_1:1:42077851',8,2,1752298049),
(514,'STEAM_1:1:42077851',10,50,1752298061),
(515,'STEAM_1:1:42077851',3,6,1752298107),
(516,'STEAM_1:1:42077851',9,-10,1752298158),
(517,'STEAM_1:1:42077851',9,-10,1752298158),
(518,'STEAM_1:1:42077851',9,-10,1752298158),
(519,'STEAM_1:1:42077851',9,-10,1752298158),
(520,'STEAM_1:1:42077851',3,6,1752298174),
(521,'STEAM_1:1:42077851',3,6,1752298176),
(522,'STEAM_1:1:42077851',11,25,1752298193),
(523,'STEAM_1:1:42077851',11,25,1752298202),
(524,'STEAM_1:1:42077851',11,25,1752298207),
(525,'STEAM_1:1:42077851',3,6,1752298212),
(526,'STEAM_1:1:42077851',8,2,1752298215),
(527,'STEAM_1:1:42077851',3,6,1752298215),
(528,'STEAM_1:1:42077851',3,6,1752298233),
(529,'STEAM_1:1:42077851',8,2,1752298280),
(530,'STEAM_1:1:42077851',3,6,1752298285),
(531,'STEAM_1:1:42077851',3,6,1752298358),
(532,'STEAM_1:1:42077851',3,6,1752298358),
(533,'STEAM_1:1:42077851',4,57,1752298412),
(534,'STEAM_1:1:42077851',3,6,1752298413),
(535,'STEAM_1:1:42077851',8,2,1752298440),
(536,'STEAM_1:1:42077851',8,2,1752298440),
(537,'STEAM_1:1:42077851',8,2,1752298441),
(538,'STEAM_1:1:42077851',8,2,1752298441),
(539,'STEAM_1:1:42077851',8,2,1752298443),
(540,'STEAM_1:1:42077851',8,2,1752298483),
(541,'STEAM_1:1:42077851',8,2,1752298489),
(542,'STEAM_1:1:42077851',9,-10,1752298514),
(543,'STEAM_1:1:42077851',9,-10,1752298515),
(544,'STEAM_1:1:42077851',8,2,1752298543),
(545,'STEAM_1:1:42077851',8,2,1752298577),
(546,'STEAM_1:1:42077851',8,2,1752298578),
(547,'STEAM_1:1:42077851',8,2,1752298579),
(548,'STEAM_1:1:42077851',8,2,1752298589),
(549,'STEAM_1:1:42077851',9,-10,1752298600),
(550,'STEAM_1:1:42077851',9,-10,1752298600),
(551,'STEAM_1:1:42077851',9,-10,1752298600),
(552,'STEAM_1:1:42077851',9,-10,1752298600),
(553,'STEAM_1:1:42077851',9,-10,1752298601),
(554,'STEAM_1:1:42077851',3,6,1752298603),
(555,'STEAM_1:1:42077851',8,2,1752298626),
(556,'STEAM_1:1:42077851',8,2,1752298644),
(557,'STEAM_1:1:42077851',8,2,1752298645),
(558,'STEAM_1:1:42077851',8,2,1752298758),
(559,'STEAM_1:1:42077851',8,2,1752298758),
(560,'STEAM_1:1:42077851',8,2,1752298758),
(561,'STEAM_1:1:42077851',8,2,1752298758),
(562,'STEAM_1:1:42077851',8,2,1752298758),
(563,'STEAM_1:1:42077851',8,2,1752298758),
(564,'STEAM_1:1:42077851',8,2,1752298758),
(565,'STEAM_1:1:42077851',8,2,1752298758),
(566,'STEAM_1:1:42077851',8,2,1752298758),
(567,'STEAM_1:1:42077851',8,2,1752298758),
(568,'STEAM_1:1:42077851',8,2,1752298758),
(569,'STEAM_1:1:42077851',8,2,1752298758),
(570,'STEAM_1:1:42077851',8,2,1752298758),
(571,'STEAM_1:1:42077851',8,2,1752298758),
(572,'STEAM_1:1:42077851',8,2,1752298758),
(573,'STEAM_1:1:42077851',8,2,1752298758),
(574,'STEAM_1:1:42077851',8,2,1752298758),
(575,'STEAM_1:1:42077851',8,2,1752298758),
(576,'STEAM_1:1:42077851',3,6,1752298762),
(577,'STEAM_1:1:42077851',9,-10,1752298918),
(578,'STEAM_1:1:42077851',9,-10,1752298918),
(579,'STEAM_1:1:42077851',9,-10,1752298918),
(580,'STEAM_1:1:42077851',9,-10,1752298919),
(581,'STEAM_1:1:42077851',9,-10,1752298919),
(582,'STEAM_1:1:42077851',9,-10,1752298919),
(583,'STEAM_1:1:42077851',8,2,1752298941),
(584,'STEAM_1:1:42077851',9,-10,1752298969),
(585,'STEAM_1:1:42077851',9,-10,1752298969),
(586,'STEAM_1:1:42077851',9,-10,1752298969),
(587,'STEAM_1:1:42077851',3,6,1752299081),
(588,'STEAM_1:1:42077851',8,2,1752299092),
(589,'STEAM_1:1:42077851',9,-10,1752299106),
(590,'STEAM_1:1:42077851',3,6,1752299145),
(591,'STEAM_1:1:42077851',3,6,1752299184),
(592,'STEAM_1:1:42077851',3,6,1752299202),
(593,'STEAM_1:1:42077851',8,2,1752299238),
(594,'STEAM_1:1:42077851',3,6,1752299249),
(595,'STEAM_1:1:42077851',3,6,1752299259),
(596,'STEAM_1:1:42077851',3,6,1752299290),
(597,'STEAM_1:1:42077851',8,2,1752299360),
(598,'STEAM_1:1:42077851',4,16,1752299438),
(599,'STEAM_1:1:42077851',3,6,1752299474),
(600,'STEAM_1:1:42077851',8,2,1752299488),
(601,'STEAM_1:1:42077851',8,2,1752299489),
(602,'STEAM_1:1:42077851',9,-10,1752299490),
(603,'STEAM_1:1:42077851',9,-10,1752299490),
(604,'STEAM_1:1:42077851',9,-10,1752299490),
(605,'STEAM_1:1:42077851',9,-10,1752299490),
(606,'STEAM_1:1:42077851',9,-10,1752299490),
(607,'STEAM_1:1:42077851',9,-10,1752299490),
(608,'STEAM_1:1:42077851',9,-10,1752299490),
(609,'STEAM_1:1:42077851',9,-10,1752299490),
(610,'STEAM_1:1:42077851',9,-10,1752299490),
(611,'STEAM_1:1:42077851',9,-10,1752299490),
(612,'STEAM_1:1:42077851',9,-10,1752299490),
(613,'STEAM_1:1:42077851',9,-10,1752299490),
(614,'STEAM_1:1:42077851',9,-10,1752299490),
(615,'STEAM_1:1:42077851',9,-10,1752299491),
(616,'STEAM_1:1:42077851',9,-10,1752299491),
(617,'STEAM_1:1:42077851',9,-10,1752299491),
(618,'STEAM_1:1:42077851',9,-10,1752299491),
(619,'STEAM_1:1:42077851',3,6,1752299509),
(620,'STEAM_1:1:42077851',3,6,1752299512),
(621,'STEAM_1:1:42077851',3,6,1752299514),
(622,'STEAM_1:1:42077851',9,-10,1752299514),
(623,'STEAM_1:1:42077851',3,6,1752299555),
(624,'STEAM_1:1:42077851',8,2,1752299558),
(625,'STEAM_1:1:42077851',3,6,1752299563),
(626,'STEAM_1:1:42077851',8,2,1752299607),
(627,'STEAM_1:1:42077851',3,6,1752299620),
(628,'STEAM_1:1:42077851',9,-10,1752299686),
(629,'STEAM_1:1:42077851',9,-10,1752299686),
(630,'STEAM_1:1:42077851',9,-10,1752299686),
(631,'STEAM_1:1:42077851',9,-10,1752299686),
(632,'STEAM_1:1:42077851',9,-10,1752299686),
(633,'STEAM_1:1:42077851',9,-10,1752299686),
(634,'STEAM_1:1:42077851',9,-10,1752299686),
(635,'STEAM_1:1:42077851',8,2,1752299692),
(636,'STEAM_1:1:42077851',3,6,1752299701),
(637,'STEAM_1:1:42077851',9,-10,1752299724),
(638,'STEAM_1:1:42077851',8,2,1752299724),
(639,'STEAM_1:1:42077851',8,2,1752299857),
(640,'STEAM_1:1:42077851',8,2,1752299857),
(641,'STEAM_1:1:42077851',8,2,1752299860),
(642,'STEAM_1:1:42077851',8,2,1752299892),
(643,'STEAM_1:1:42077851',3,6,1752299910),
(644,'STEAM_1:1:42077851',8,2,1752299924),
(645,'STEAM_1:1:42077851',8,2,1752299924),
(646,'STEAM_1:1:42077851',8,2,1752299926),
(647,'STEAM_1:1:42077851',8,2,1752299927),
(648,'STEAM_1:1:42077851',8,2,1752299927),
(649,'STEAM_1:1:42077851',3,6,1752299927),
(650,'STEAM_1:1:42077851',8,2,1752299928),
(651,'STEAM_1:1:42077851',8,2,1752299953),
(652,'STEAM_1:1:42077851',8,2,1752299954),
(653,'STEAM_1:1:42077851',8,2,1752299955),
(654,'STEAM_1:1:42077851',13,20,1752299970),
(655,'STEAM_1:1:42077851',3,6,1752300005),
(656,'STEAM_1:1:42077851',9,-10,1752300012),
(657,'STEAM_1:1:42077851',10,50,1752300068),
(658,'STEAM_1:1:42077851',8,2,1752300104),
(659,'STEAM_1:1:42077851',8,2,1752300106),
(660,'STEAM_1:1:42077851',8,2,1752300136),
(661,'STEAM_1:1:42077851',9,-10,1752300140),
(662,'STEAM_1:1:42077851',4,4,1752300161),
(663,'STEAM_1:1:42077851',9,-10,1752300332),
(664,'STEAM_1:1:42077851',9,-10,1752300332),
(665,'STEAM_1:1:42077851',9,-10,1752300333),
(666,'STEAM_1:1:42077851',8,2,1752300411),
(667,'STEAM_1:1:42077851',3,6,1752300414),
(668,'STEAM_1:1:42077851',3,6,1752300414),
(669,'STEAM_1:1:42077851',3,6,1752300416),
(670,'STEAM_1:1:42077851',3,6,1752300418),
(671,'STEAM_1:1:42077851',8,2,1752300455),
(672,'STEAM_1:1:42077851',4,11,1752300496),
(673,'STEAM_1:1:42077851',9,-10,1752300520),
(674,'STEAM_1:1:42077851',9,-10,1752300520),
(675,'STEAM_1:1:42077851',8,2,1752300534),
(676,'STEAM_1:1:42077851',8,2,1752300598),
(677,'STEAM_1:1:42077851',8,2,1752300598),
(678,'STEAM_1:1:42077851',4,11,1752300619),
(679,'STEAM_1:1:42077851',8,2,1752300726),
(680,'STEAM_1:1:42077851',8,2,1752300727),
(681,'STEAM_1:1:42077851',8,2,1752300728),
(682,'STEAM_1:1:42077851',8,2,1752300736),
(683,'STEAM_1:1:42077851',8,2,1752300795),
(684,'STEAM_1:1:42077851',8,2,1752300842),
(685,'STEAM_1:1:42077851',11,25,1752300892),
(686,'STEAM_1:1:42077851',8,2,1752300902),
(687,'STEAM_1:1:42077851',8,2,1752300902),
(688,'STEAM_1:1:42077851',8,2,1752300968),
(689,'STEAM_1:1:42077851',8,2,1752300968),
(690,'STEAM_1:1:42077851',3,6,1752300974),
(691,'STEAM_1:1:42077851',3,6,1752300974),
(692,'STEAM_1:1:42077851',9,-10,1752300995),
(693,'STEAM_1:1:42077851',9,-10,1752300995),
(694,'STEAM_1:1:42077851',8,2,1752300995),
(695,'STEAM_1:1:42077851',9,-10,1752300996),
(696,'STEAM_1:1:42077851',9,-10,1752300996),
(697,'STEAM_1:1:42077851',9,-10,1752300996),
(698,'STEAM_1:1:42077851',4,4,1752301037),
(699,'STEAM_1:1:42077851',8,2,1752301109),
(700,'STEAM_1:1:42077851',8,2,1752301110),
(701,'STEAM_1:1:42077851',8,2,1752301110),
(702,'STEAM_1:1:42077851',8,2,1752301111),
(703,'STEAM_1:1:42077851',8,2,1752301148),
(704,'STEAM_1:1:42077851',3,6,1752301171),
(705,'STEAM_1:1:42077851',8,2,1752301186),
(706,'STEAM_1:1:42077851',9,-10,1752301208),
(707,'STEAM_1:1:42077851',9,-10,1752301244),
(708,'STEAM_1:1:42077851',9,-10,1752301244),
(709,'STEAM_1:1:42077851',9,0,1752301244),
(710,'STEAM_1:1:42077851',8,2,1752301256),
(711,'STEAM_1:1:42077851',8,2,1752301262),
(712,'STEAM_1:1:42077851',9,-10,1752301269),
(713,'STEAM_1:1:42077851',11,25,1752301279),
(714,'STEAM_1:1:42077851',11,25,1752301287),
(715,'STEAM_1:1:42077851',8,2,1752301305),
(716,'STEAM_1:1:42077851',8,2,1752301308),
(717,'STEAM_1:1:42077851',8,2,1752301503),
(718,'STEAM_1:1:42077851',8,2,1752301504),
(719,'STEAM_1:1:42077851',9,-10,1752301505),
(720,'STEAM_1:1:42077851',9,-10,1752301505),
(721,'STEAM_1:1:42077851',9,-10,1752301505),
(722,'STEAM_1:1:42077851',3,6,1752301511),
(723,'STEAM_1:1:42077851',9,-10,1752301565),
(724,'STEAM_1:1:42077851',3,6,1752301587),
(725,'STEAM_1:1:42077851',9,-10,1752301606),
(726,'STEAM_1:1:42077851',8,2,1752301620),
(727,'STEAM_1:1:42077851',8,2,1752301621),
(728,'STEAM_1:1:42077851',3,6,1752301638),
(729,'STEAM_1:1:42077851',3,6,1752301696),
(730,'STEAM_1:1:42077851',8,2,1752302015),
(731,'STEAM_1:1:42077851',8,2,1752302015),
(732,'STEAM_1:1:42077851',11,25,1752302286),
(733,'STEAM_1:1:42077851',8,2,1752302307),
(734,'STEAM_1:1:42077851',9,-10,1752302328),
(735,'STEAM_1:1:42077851',9,0,1752302328),
(736,'STEAM_1:1:42077851',4,9,1752302344),
(737,'STEAM_1:1:42077851',8,2,1752302457),
(738,'STEAM_1:1:42077851',8,2,1752302457),
(739,'STEAM_1:1:42077851',8,2,1752302469),
(740,'STEAM_1:1:42077851',8,2,1752302470),
(741,'STEAM_1:1:42077851',8,2,1752302471),
(742,'STEAM_1:1:42077851',8,2,1752302485),
(743,'STEAM_1:1:42077851',8,2,1752302529),
(744,'STEAM_1:1:42077851',8,2,1752302530),
(745,'STEAM_1:1:42077851',8,2,1752302530),
(746,'STEAM_1:1:42077851',8,2,1752302530),
(747,'STEAM_1:1:42077851',3,6,1752302537),
(748,'STEAM_1:1:42077851',3,6,1752302559),
(749,'STEAM_1:1:42077851',8,2,1752302567),
(750,'STEAM_1:1:42077851',8,2,1752302581),
(751,'STEAM_1:1:42077851',3,6,1752302606),
(752,'STEAM_1:1:42077851',8,2,1752302745),
(753,'STEAM_1:1:42077851',3,6,1752302746),
(754,'STEAM_1:1:42077851',8,2,1752302746),
(755,'STEAM_1:1:42077851',8,2,1752302753),
(756,'STEAM_1:1:42077851',8,2,1752302754),
(757,'STEAM_1:1:42077851',9,-10,1752302754),
(758,'STEAM_1:1:42077851',8,2,1752302754),
(759,'STEAM_1:1:42077851',9,-10,1752302803),
(760,'STEAM_1:1:42077851',4,7,1752302804),
(761,'STEAM_1:1:42077851',9,-10,1752302812),
(762,'STEAM_1:1:42077851',8,2,1752302813),
(763,'STEAM_1:1:42077851',8,2,1752302816),
(764,'STEAM_1:1:42077851',8,2,1752302934),
(765,'STEAM_1:1:42077851',8,2,1752302943),
(766,'STEAM_1:1:42077851',8,2,1752302946),
(767,'STEAM_1:1:42077851',8,2,1752302957),
(768,'STEAM_1:1:42077851',3,6,1752302965),
(769,'STEAM_1:1:42077851',9,-10,1752303009),
(770,'STEAM_1:1:42077851',9,-10,1752303009),
(771,'STEAM_1:1:42077851',9,-10,1752303009),
(772,'STEAM_1:1:42077851',8,2,1752303022),
(773,'STEAM_1:1:42077851',8,2,1752303062),
(774,'STEAM_1:1:42077851',8,2,1752303075),
(775,'STEAM_1:1:42077851',8,2,1752303208),
(776,'STEAM_1:1:42077851',8,2,1752303208),
(777,'STEAM_1:1:42077851',3,6,1752303208),
(778,'STEAM_1:1:42077851',8,2,1752303232),
(779,'STEAM_1:1:42077851',8,2,1752303233),
(780,'STEAM_1:1:42077851',8,2,1752303234),
(781,'STEAM_1:1:42077851',9,-10,1752303241),
(782,'STEAM_1:1:42077851',3,6,1752303264),
(783,'STEAM_1:1:42077851',13,20,1752303284),
(784,'STEAM_1:1:42077851',8,2,1752303301),
(785,'STEAM_1:1:42077851',4,2,1752303342),
(786,'STEAM_1:1:42077851',8,2,1752303412),
(787,'STEAM_1:1:42077851',9,-10,1752303439),
(788,'STEAM_1:1:42077851',3,6,1752303453),
(789,'STEAM_1:0:77194684',3,6,1752304913),
(790,'STEAM_1:0:77194684',3,6,1752304930),
(791,'STEAM_1:0:77194684',3,6,1752304934),
(792,'STEAM_1:0:77194684',3,6,1752304940),
(793,'STEAM_1:0:77194684',3,6,1752304965),
(794,'STEAM_1:0:77194684',3,6,1752304977),
(795,'STEAM_1:0:77194684',3,6,1752304983),
(796,'STEAM_1:0:77194684',3,6,1752304986),
(797,'STEAM_1:0:77194684',3,6,1752305027),
(798,'STEAM_1:0:77194684',3,6,1752305053),
(799,'STEAM_1:0:77194684',3,6,1752305054),
(800,'STEAM_1:0:77194684',3,6,1752305067),
(801,'STEAM_1:0:77194684',3,6,1752305109),
(802,'STEAM_1:0:77194684',3,6,1752305118),
(803,'STEAM_1:0:77194684',3,6,1752305130),
(804,'STEAM_1:0:77194684',3,6,1752305152),
(805,'STEAM_1:0:77194684',3,6,1752305156),
(806,'STEAM_1:0:77194684',3,6,1752305186),
(807,'STEAM_1:0:77194684',3,6,1752305213),
(808,'STEAM_1:0:77194684',3,6,1752305226),
(809,'STEAM_1:0:77194684',3,6,1752305270),
(810,'STEAM_1:0:77194684',8,2,1752305271),
(811,'STEAM_1:0:77194684',8,2,1752305273),
(812,'STEAM_1:0:77194684',8,2,1752305281),
(813,'STEAM_1:0:77194684',3,6,1752305289),
(814,'STEAM_1:0:77194684',3,6,1752305300),
(815,'STEAM_1:0:77194684',3,6,1752305308),
(816,'STEAM_1:0:77194684',8,2,1752305324),
(817,'STEAM_1:0:77194684',3,6,1752305370),
(818,'STEAM_1:0:77194684',3,6,1752305401),
(819,'STEAM_1:0:77194684',9,-10,1752305402),
(820,'STEAM_1:0:77194684',9,-10,1752305402),
(821,'STEAM_1:0:77194684',9,-10,1752305402),
(822,'STEAM_1:0:77194684',9,-10,1752305402),
(823,'STEAM_1:0:77194684',9,-10,1752305402),
(824,'STEAM_1:0:77194684',9,-10,1752305402),
(825,'STEAM_1:0:77194684',9,-10,1752305402),
(826,'STEAM_1:0:77194684',9,-10,1752305402),
(827,'STEAM_1:0:77194684',3,6,1752305433),
(828,'STEAM_1:0:77194684',3,6,1752305439),
(829,'STEAM_1:1:50902447',10,50,1752304827),
(830,'STEAM_1:1:50902447',10,50,1752304840),
(831,'STEAM_1:1:50902447',3,6,1752305254),
(832,'STEAM_1:1:50902447',3,6,1752305256),
(833,'STEAM_1:1:50902447',8,2,1752305296),
(834,'STEAM_1:1:50902447',8,2,1752305304),
(835,'STEAM_1:1:50902447',8,2,1752305310),
(836,'STEAM_1:1:50902447',3,6,1752305318),
(837,'STEAM_1:1:50902447',8,2,1752305330),
(838,'STEAM_1:1:50902447',8,2,1752305330),
(839,'STEAM_1:1:50902447',8,2,1752305330),
(840,'STEAM_1:1:50902447',8,2,1752305330),
(841,'STEAM_1:1:50902447',9,-10,1752305334),
(842,'STEAM_1:1:50902447',9,-10,1752305334),
(843,'STEAM_1:1:50902447',9,-10,1752305334),
(844,'STEAM_1:1:50902447',9,-10,1752305336),
(845,'STEAM_1:1:50902447',3,6,1752305336),
(846,'STEAM_1:1:50902447',3,6,1752305348),
(847,'STEAM_1:1:50902447',3,6,1752305375),
(848,'STEAM_1:1:50902447',3,6,1752305387),
(849,'STEAM_1:1:50902447',8,2,1752305393),
(850,'STEAM_1:1:50902447',8,2,1752305393),
(851,'STEAM_1:1:50902447',8,2,1752305395),
(852,'STEAM_1:1:50902447',8,2,1752305404),
(853,'STEAM_1:1:50902447',3,6,1752305549),
(854,'STEAM_1:1:50902447',3,6,1752305552),
(855,'STEAM_1:1:50902447',9,-10,1752305554),
(856,'STEAM_1:1:50902447',9,-10,1752305554),
(857,'STEAM_1:1:50902447',8,2,1752305568),
(858,'STEAM_1:1:50902447',8,2,1752305571),
(859,'STEAM_1:1:50902447',3,6,1752305582),
(860,'STEAM_1:1:50902447',3,6,1752305585),
(861,'STEAM_1:1:50902447',8,2,1752305590),
(862,'STEAM_1:1:50902447',8,2,1752305594),
(863,'STEAM_1:1:50902447',9,-10,1752305594),
(864,'STEAM_1:1:50902447',3,6,1752305596),
(865,'STEAM_1:1:50902447',3,6,1752305634),
(866,'STEAM_1:1:50902447',8,2,1752305647),
(867,'STEAM_1:1:50902447',3,6,1752305676),
(868,'STEAM_1:1:50902447',8,2,1752305693),
(869,'STEAM_1:1:50902447',9,-20,1752305720),
(870,'STEAM_1:1:50902447',3,6,1752305721),
(871,'STEAM_1:1:50902447',9,-20,1752305721),
(872,'STEAM_1:1:50902447',3,6,1752305738),
(873,'STEAM_1:1:50902447',11,25,1752305744),
(874,'STEAM_1:1:50902447',3,6,1752305759),
(875,'STEAM_1:1:50902447',9,-20,1752305787),
(876,'STEAM_1:1:50902447',9,-20,1752305792),
(877,'STEAM_1:1:50902447',8,2,1752305822),
(878,'STEAM_1:1:50902447',8,2,1752305823),
(879,'STEAM_1:1:50902447',3,6,1752305841),
(880,'STEAM_1:1:50902447',3,6,1752305864),
(881,'STEAM_1:1:50902447',3,6,1752305869),
(882,'STEAM_1:1:50902447',3,6,1752305874),
(883,'STEAM_1:1:50902447',3,6,1752305883),
(884,'STEAM_1:1:50902447',10,50,1752305927),
(885,'STEAM_1:1:50902447',8,2,1752305958),
(886,'STEAM_1:1:50902447',8,2,1752305961),
(887,'STEAM_1:1:50902447',9,-20,1752305967),
(888,'STEAM_1:1:50902447',8,2,1752305973),
(889,'STEAM_1:1:50902447',3,6,1752305985),
(890,'STEAM_1:1:50902447',3,6,1752305985),
(891,'STEAM_1:1:50902447',8,2,1752306001),
(892,'STEAM_1:1:50902447',8,2,1752306011),
(893,'STEAM_1:1:50902447',11,25,1752306021),
(894,'STEAM_1:1:50902447',11,25,1752306027),
(895,'STEAM_1:1:50902447',8,2,1752306063),
(896,'STEAM_1:1:50902447',3,6,1752306077),
(897,'STEAM_1:1:50902447',8,2,1752306077),
(898,'STEAM_1:1:50902447',3,6,1752306077),
(899,'STEAM_1:1:50902447',3,6,1752306080),
(900,'STEAM_1:1:50902447',11,25,1752306087),
(901,'STEAM_1:1:50902447',3,6,1752306089),
(902,'STEAM_1:1:50902447',3,6,1752306112),
(903,'STEAM_1:1:50902447',3,6,1752306117),
(904,'STEAM_1:1:50902447',8,2,1752306117),
(905,'STEAM_1:1:50902447',3,6,1752306132),
(906,'STEAM_1:1:50902447',3,6,1752306133),
(907,'STEAM_1:1:50902447',8,2,1752306134),
(908,'STEAM_1:1:50902447',3,6,1752306155),
(909,'STEAM_1:1:50902447',8,2,1752306160),
(910,'STEAM_1:1:50902447',8,2,1752306161),
(911,'STEAM_1:1:50902447',3,6,1752306164),
(912,'STEAM_1:1:50902447',8,2,1752306190),
(913,'STEAM_1:1:50902447',9,-10,1752306192),
(914,'STEAM_1:1:50902447',8,2,1752306193),
(915,'STEAM_1:1:50902447',8,2,1752306196),
(916,'STEAM_1:1:50902447',8,2,1752306196),
(917,'STEAM_1:1:50902447',8,2,1752306198),
(918,'STEAM_1:1:50902447',8,2,1752306198),
(919,'STEAM_1:1:50902447',8,2,1752306200),
(920,'STEAM_1:1:50902447',3,6,1752306200),
(921,'STEAM_1:1:50902447',3,6,1752306204),
(922,'STEAM_1:1:50902447',3,6,1752306207),
(923,'STEAM_1:1:50902447',9,-10,1752306233),
(924,'STEAM_1:1:50902447',9,-500,1752306233),
(925,'STEAM_1:1:50902447',3,6,1752306233),
(926,'STEAM_1:1:50902447',3,6,1752306264),
(927,'STEAM_1:1:50902447',3,6,1752306288),
(928,'STEAM_1:1:50902447',3,6,1752306300),
(929,'STEAM_1:1:50902447',11,25,1752306315),
(930,'STEAM_1:1:50902447',11,25,1752306323),
(931,'STEAM_1:1:50902447',3,6,1752306347),
(932,'STEAM_1:0:77194684',3,6,1752305548),
(933,'STEAM_1:0:77194684',3,6,1752305591),
(934,'STEAM_1:0:77194684',9,-10,1752305609),
(935,'STEAM_1:0:77194684',9,-10,1752305609),
(936,'STEAM_1:0:77194684',9,-10,1752305609),
(937,'STEAM_1:0:77194684',9,-10,1752305609),
(938,'STEAM_1:0:77194684',9,-10,1752305609),
(939,'STEAM_1:0:77194684',9,-10,1752305609),
(940,'STEAM_1:0:77194684',9,-10,1752305609),
(941,'STEAM_1:0:77194684',9,-10,1752305609),
(942,'STEAM_1:0:77194684',9,-10,1752305609),
(943,'STEAM_1:0:77194684',9,-10,1752305609),
(944,'STEAM_1:0:77194684',3,6,1752305636),
(945,'STEAM_1:0:77194684',3,6,1752305648),
(946,'STEAM_1:0:77194684',3,6,1752305670),
(947,'STEAM_1:0:77194684',8,2,1752305684),
(948,'STEAM_1:0:77194684',3,6,1752305732),
(949,'STEAM_1:0:77194684',3,6,1752305770),
(950,'STEAM_1:0:77194684',9,-10,1752305784),
(951,'STEAM_1:0:77194684',9,-10,1752305784),
(952,'STEAM_1:0:77194684',3,6,1752305784),
(953,'STEAM_1:0:77194684',3,6,1752305786),
(954,'STEAM_1:0:77194684',8,2,1752305788),
(955,'STEAM_1:0:77194684',8,2,1752305788),
(956,'STEAM_1:0:77194684',8,2,1752305788),
(957,'STEAM_1:0:77194684',3,6,1752305789),
(958,'STEAM_1:0:77194684',8,2,1752305808),
(959,'STEAM_1:0:77194684',8,2,1752305843),
(960,'STEAM_1:0:77194684',8,2,1752305896),
(961,'STEAM_1:0:77194684',3,6,1752305904),
(962,'STEAM_1:0:77194684',3,6,1752305940),
(963,'STEAM_1:0:77194684',3,6,1752305963),
(964,'STEAM_1:0:77194684',3,6,1752305992),
(965,'STEAM_1:0:77194684',8,2,1752305998),
(966,'STEAM_1:0:77194684',8,2,1752306016),
(967,'STEAM_1:0:77194684',3,6,1752306028),
(968,'STEAM_1:0:77194684',8,2,1752306034),
(969,'STEAM_1:0:77194684',3,6,1752306036),
(970,'STEAM_1:0:77194684',3,6,1752306047),
(971,'STEAM_1:0:77194684',3,6,1752306059),
(972,'STEAM_1:0:77194684',8,2,1752306091),
(973,'STEAM_1:0:77194684',8,2,1752306094),
(974,'STEAM_1:0:77194684',11,25,1752306101),
(975,'STEAM_1:0:77194684',3,6,1752306125),
(976,'STEAM_1:0:77194684',8,2,1752306168),
(977,'STEAM_1:0:77194684',3,6,1752306188),
(978,'STEAM_1:0:77194684',3,6,1752306192),
(979,'STEAM_1:0:77194684',3,6,1752306210),
(980,'STEAM_1:0:77194684',8,2,1752306213),
(981,'STEAM_1:0:77194684',3,6,1752306229),
(982,'STEAM_1:0:77194684',3,6,1752306240),
(983,'STEAM_1:0:77194684',8,2,1752306252),
(984,'STEAM_1:0:77194684',8,2,1752306253),
(985,'STEAM_1:0:77194684',3,6,1752306354),
(986,'STEAM_1:0:77194684',8,2,1752306377),
(987,'STEAM_1:0:77194684',11,25,1752306386),
(988,'STEAM_1:0:77194684',3,6,1752306395),
(989,'STEAM_1:1:50902447',3,6,1752306522),
(990,'STEAM_1:1:50902447',3,6,1752306527),
(991,'STEAM_1:1:50902447',8,2,1752306538),
(992,'STEAM_1:1:50902447',3,6,1752306551),
(993,'STEAM_1:1:50902447',3,6,1752306553),
(994,'STEAM_1:1:50902447',9,-10,1752306553),
(995,'STEAM_1:1:50902447',9,-10,1752306553),
(996,'STEAM_1:1:50902447',9,-10,1752306571),
(997,'STEAM_1:1:50902447',9,-10,1752306571),
(998,'STEAM_1:1:50902447',9,-10,1752306572),
(999,'STEAM_1:1:50902447',3,6,1752306576),
(1000,'STEAM_1:1:50902447',3,6,1752306582),
(1001,'STEAM_1:1:50902447',9,-10,1752306590),
(1002,'STEAM_1:1:50902447',3,6,1752306590),
(1003,'STEAM_1:1:50902447',9,-10,1752306590),
(1004,'STEAM_1:1:50902447',9,-10,1752306590),
(1005,'STEAM_1:1:50902447',9,-10,1752306590),
(1006,'STEAM_1:1:50902447',9,-10,1752306590),
(1007,'STEAM_1:1:50902447',9,-10,1752306591),
(1008,'STEAM_1:1:50902447',8,2,1752306608),
(1009,'STEAM_1:1:50902447',3,6,1752306621),
(1010,'STEAM_1:1:50902447',3,6,1752306632),
(1011,'STEAM_1:1:50902447',9,-10,1752306635),
(1012,'STEAM_1:1:50902447',8,2,1752306636),
(1013,'STEAM_1:1:50902447',10,50,1752306661),
(1014,'STEAM_1:1:50902447',8,2,1752306672),
(1015,'STEAM_1:1:50902447',8,2,1752306700),
(1016,'STEAM_1:1:50902447',8,2,1752306701),
(1017,'STEAM_1:1:50902447',11,25,1752306720),
(1018,'STEAM_1:1:50902447',8,2,1752306726),
(1019,'STEAM_1:1:50902447',9,-10,1752306733),
(1020,'STEAM_1:1:50902447',9,-10,1752306734),
(1021,'STEAM_1:1:50902447',9,-10,1752306734),
(1022,'STEAM_1:1:50902447',3,6,1752306735),
(1023,'STEAM_1:1:50902447',8,2,1752306740),
(1024,'STEAM_1:1:50902447',11,25,1752306751),
(1025,'STEAM_1:1:50902447',11,25,1752306756),
(1026,'STEAM_1:1:50902447',3,6,1752306771),
(1027,'STEAM_1:1:50902447',3,6,1752306774),
(1028,'STEAM_1:1:50902447',3,6,1752306777),
(1029,'STEAM_1:1:50902447',9,-20,1752306786),
(1030,'STEAM_1:1:50902447',3,6,1752306839),
(1031,'STEAM_1:1:50902447',3,6,1752306854),
(1032,'STEAM_1:1:50902447',9,-10,1752306945),
(1033,'STEAM_1:1:50902447',3,6,1752306958),
(1034,'STEAM_1:1:50902447',8,2,1752306958),
(1035,'STEAM_1:1:50902447',3,6,1752306988),
(1036,'STEAM_1:1:50902447',3,6,1752306994),
(1037,'STEAM_1:1:50902447',3,6,1752306995),
(1038,'STEAM_1:1:50902447',3,6,1752307028),
(1039,'STEAM_1:0:77194684',8,2,1752306449),
(1040,'STEAM_1:0:77194684',3,6,1752306520),
(1041,'STEAM_1:0:77194684',8,2,1752306569),
(1042,'STEAM_1:0:77194684',8,2,1752306584),
(1043,'STEAM_1:0:77194684',8,2,1752306605),
(1044,'STEAM_1:0:77194684',3,6,1752306635),
(1045,'STEAM_1:0:77194684',8,2,1752306677),
(1046,'STEAM_1:0:77194684',8,2,1752306679),
(1047,'STEAM_1:0:77194684',3,6,1752306687),
(1048,'STEAM_1:0:77194684',8,2,1752306696),
(1049,'STEAM_1:0:77194684',3,6,1752306726),
(1050,'STEAM_1:0:77194684',3,6,1752306731),
(1051,'STEAM_1:0:77194684',3,6,1752306737),
(1052,'STEAM_1:0:77194684',8,2,1752306742),
(1053,'STEAM_1:0:77194684',10,50,1752306776),
(1054,'STEAM_1:0:77194684',3,6,1752306778),
(1055,'STEAM_1:0:77194684',3,6,1752306784),
(1056,'STEAM_1:0:77194684',10,50,1752306806),
(1057,'STEAM_1:0:77194684',3,6,1752306808),
(1058,'STEAM_1:0:77194684',3,6,1752306821),
(1059,'STEAM_1:0:77194684',3,6,1752306828),
(1060,'STEAM_1:0:77194684',11,25,1752306847),
(1061,'STEAM_1:0:77194684',3,6,1752306850),
(1062,'STEAM_1:0:77194684',11,25,1752306860),
(1063,'STEAM_1:0:77194684',3,6,1752306861),
(1064,'STEAM_1:0:77194684',3,6,1752306863),
(1065,'STEAM_1:0:77194684',11,25,1752306870),
(1066,'STEAM_1:0:77194684',3,6,1752306883),
(1067,'STEAM_1:0:77194684',3,6,1752306911),
(1068,'STEAM_1:0:77194684',3,6,1752306928),
(1069,'STEAM_1:0:77194684',8,2,1752306932),
(1070,'STEAM_1:0:77194684',11,25,1752306958),
(1071,'STEAM_1:0:77194684',3,6,1752306970),
(1072,'STEAM_1:0:77194684',8,2,1752306979),
(1073,'STEAM_1:0:77194684',8,2,1752306981),
(1074,'STEAM_1:0:77194684',8,2,1752306983),
(1075,'STEAM_1:0:77194684',8,2,1752306984),
(1076,'STEAM_1:0:77194684',8,2,1752306991),
(1077,'STEAM_1:0:77194684',11,25,1752307000),
(1078,'STEAM_1:0:77194684',8,2,1752307006),
(1079,'STEAM_1:0:77194684',3,6,1752307006),
(1080,'STEAM_1:0:77194684',3,6,1752307015),
(1081,'STEAM_1:0:77194684',9,-10,1752307110),
(1082,'STEAM_1:0:77194684',9,-10,1752307110),
(1083,'STEAM_1:0:77194684',3,6,1752307124),
(1084,'STEAM_1:0:77194684',3,6,1752307140),
(1085,'STEAM_1:0:77194684',3,6,1752307144),
(1086,'STEAM_1:0:77194684',3,6,1752307171),
(1087,'STEAM_1:0:77194684',3,6,1752307227),
(1088,'STEAM_1:0:77194684',3,6,1752307232),
(1089,'STEAM_1:0:77194684',8,2,1752307240),
(1090,'STEAM_1:0:77194684',8,2,1752307246),
(1091,'STEAM_1:0:77194684',8,2,1752307248),
(1092,'STEAM_1:0:77194684',8,2,1752307248),
(1093,'STEAM_1:0:77194684',8,2,1752307249),
(1094,'STEAM_1:0:77194684',3,6,1752307250),
(1095,'STEAM_1:0:77194684',3,6,1752307255),
(1096,'STEAM_1:0:77194684',8,2,1752307260),
(1097,'STEAM_1:0:77194684',3,6,1752307263),
(1098,'STEAM_1:0:77194684',9,-10,1752307272),
(1099,'STEAM_1:0:77194684',9,-10,1752307272),
(1100,'STEAM_1:0:77194684',9,-10,1752307272),
(1101,'STEAM_1:0:77194684',9,-10,1752307272),
(1102,'STEAM_1:0:77194684',3,6,1752307288),
(1103,'STEAM_1:0:77194684',3,6,1752307289),
(1104,'STEAM_1:0:77194684',3,6,1752307356),
(1105,'STEAM_1:0:77194684',3,6,1752307360),
(1106,'STEAM_1:0:77194684',3,6,1752307442),
(1107,'STEAM_1:0:77194684',3,6,1752307486),
(1108,'STEAM_1:0:77194684',3,6,1752307490),
(1109,'STEAM_1:0:77194684',3,6,1752307493),
(1110,'STEAM_1:0:77194684',3,6,1752307501),
(1111,'STEAM_1:0:77194684',8,2,1752307509),
(1112,'STEAM_1:0:77194684',8,2,1752307542),
(1113,'STEAM_1:0:77194684',4,18,1752307558),
(1114,'STEAM_1:0:77194684',3,6,1752307662),
(1115,'STEAM_1:0:77194684',3,6,1752307663),
(1116,'STEAM_1:0:77194684',8,2,1752307682),
(1117,'STEAM_1:0:77194684',8,2,1752307683),
(1118,'STEAM_1:0:77194684',8,2,1752307685),
(1119,'STEAM_1:0:77194684',3,6,1752307704),
(1120,'STEAM_1:0:77194684',8,2,1752307715),
(1121,'STEAM_1:0:77194684',8,2,1752307715),
(1122,'STEAM_1:0:77194684',8,2,1752307720),
(1123,'STEAM_1:0:77194684',8,2,1752307724),
(1124,'STEAM_1:0:77194684',8,2,1752307725),
(1125,'STEAM_1:0:77194684',3,6,1752307725),
(1126,'STEAM_1:0:77194684',3,6,1752307769),
(1127,'STEAM_1:0:77194684',8,2,1752307783),
(1128,'STEAM_1:0:77194684',8,2,1752307785),
(1129,'STEAM_1:0:77194684',9,-10,1752307797),
(1130,'STEAM_1:0:77194684',8,2,1752307802),
(1131,'STEAM_1:0:77194684',3,6,1752307820),
(1132,'STEAM_1:0:77194684',11,25,1752307858),
(1133,'STEAM_1:0:77194684',3,6,1752307859),
(1134,'STEAM_1:0:77194684',10,50,1752307867),
(1135,'STEAM_1:0:77194684',4,3,1752307965),
(1136,'STEAM_1:0:77194684',3,6,1752308157),
(1137,'STEAM_1:0:77194684',3,6,1752308173),
(1138,'STEAM_1:0:77194684',8,2,1752308180),
(1139,'STEAM_1:0:77194684',3,6,1752308184),
(1140,'STEAM_1:0:77194684',3,6,1752308210),
(1141,'STEAM_1:0:77194684',3,6,1752308215),
(1142,'STEAM_1:0:77194684',3,6,1752308221),
(1143,'STEAM_1:0:77194684',8,2,1752308270),
(1144,'STEAM_1:0:77194684',8,2,1752308322),
(1145,'STEAM_1:0:77194684',8,2,1752308334),
(1146,'STEAM_1:0:77194684',8,2,1752308334),
(1147,'STEAM_1:0:77194684',3,6,1752308334),
(1148,'STEAM_1:0:77194684',8,2,1752308355),
(1149,'STEAM_1:0:77194684',8,2,1752308390),
(1150,'STEAM_1:0:77194684',8,2,1752308390),
(1151,'STEAM_1:0:77194684',8,2,1752308401),
(1152,'STEAM_1:0:77194684',8,2,1752308431),
(1153,'STEAM_1:0:77194684',3,6,1752308432),
(1154,'STEAM_1:0:77194684',3,6,1752308520),
(1155,'STEAM_1:0:77194684',3,6,1752308525),
(1156,'STEAM_1:0:77194684',8,2,1752308547),
(1157,'STEAM_1:0:77194684',8,2,1752308549),
(1158,'STEAM_1:0:77194684',9,-20,1752308618),
(1159,'STEAM_1:0:77194684',3,6,1752308625),
(1160,'STEAM_1:0:77194684',8,2,1752308642),
(1161,'STEAM_1:0:77194684',8,2,1752308654),
(1162,'STEAM_1:0:77194684',8,2,1752308678),
(1163,'STEAM_1:0:77194684',3,6,1752308695),
(1164,'STEAM_1:0:77194684',3,6,1752308697),
(1165,'STEAM_1:0:77194684',3,6,1752308704),
(1166,'STEAM_1:0:77194684',8,2,1752308720),
(1167,'STEAM_1:0:77194684',8,2,1752308721),
(1168,'STEAM_1:0:77194684',8,2,1752308725),
(1169,'STEAM_1:0:77194684',8,2,1752308742),
(1170,'STEAM_1:0:77194684',8,2,1752308749),
(1171,'STEAM_1:0:77194684',8,2,1752308788),
(1172,'STEAM_1:0:77194684',8,2,1752308826),
(1173,'STEAM_1:0:77194684',8,2,1752308830),
(1174,'STEAM_1:0:77194684',9,-20,1752308832),
(1175,'STEAM_1:0:77194684',8,2,1752308841),
(1176,'STEAM_1:0:77194684',8,2,1752308843),
(1177,'STEAM_1:0:77194684',3,6,1752308849),
(1178,'STEAM_1:0:77194684',3,6,1752308851),
(1179,'STEAM_1:0:77194684',8,2,1752308857),
(1180,'STEAM_1:1:42077851',10,50,1752308927),
(1181,'STEAM_1:1:42077851',8,2,1752308974),
(1182,'STEAM_1:1:42077851',3,6,1752308995),
(1183,'STEAM_1:1:42077851',3,6,1752308999),
(1184,'STEAM_1:1:42077851',3,6,1752309036),
(1185,'STEAM_1:1:42077851',8,2,1752309063),
(1186,'STEAM_1:1:42077851',9,-10,1752309063),
(1187,'STEAM_1:1:42077851',9,-10,1752309063),
(1188,'STEAM_1:1:42077851',3,6,1752309074),
(1189,'STEAM_1:1:42077851',3,6,1752309084),
(1190,'STEAM_1:1:42077851',8,2,1752309087),
(1191,'STEAM_1:1:42077851',8,2,1752309087),
(1192,'STEAM_1:1:42077851',3,6,1752309092),
(1193,'STEAM_1:1:42077851',8,2,1752309126),
(1194,'STEAM_1:1:42077851',8,2,1752309126),
(1195,'STEAM_1:1:42077851',8,2,1752309144),
(1196,'STEAM_1:1:50902447',10,50,1752308911),
(1197,'STEAM_1:1:50902447',3,6,1752308959),
(1198,'STEAM_1:1:50902447',9,-20,1752308962),
(1199,'STEAM_1:1:50902447',8,2,1752309024),
(1200,'STEAM_1:1:50902447',9,0,1752309036),
(1201,'STEAM_1:1:50902447',3,6,1752309037),
(1202,'STEAM_1:1:50902447',3,6,1752309047),
(1203,'STEAM_1:1:50902447',5,15,1752309064),
(1204,'STEAM_1:1:50902447',8,2,1752309072),
(1205,'STEAM_1:1:50902447',11,25,1752309081),
(1206,'STEAM_1:1:50902447',8,2,1752309090),
(1207,'STEAM_1:1:50902447',3,6,1752309097),
(1208,'STEAM_1:1:50902447',11,25,1752309126),
(1209,'STEAM_1:1:50902447',3,6,1752309130),
(1210,'STEAM_1:1:50902447',8,2,1752309131),
(1211,'STEAM_1:1:50902447',3,6,1752309139),
(1212,'STEAM_1:1:50902447',8,2,1752309157),
(1213,'STEAM_1:0:77194684',8,2,1752308931),
(1214,'STEAM_1:0:77194684',8,2,1752308933),
(1215,'STEAM_1:0:77194684',8,2,1752308934),
(1216,'STEAM_1:0:77194684',8,2,1752308947),
(1217,'STEAM_1:0:77194684',8,2,1752308948),
(1218,'STEAM_1:0:77194684',3,6,1752308958),
(1219,'STEAM_1:0:77194684',3,6,1752308963),
(1220,'STEAM_1:0:77194684',8,2,1752308971),
(1221,'STEAM_1:0:77194684',9,-20,1752308973),
(1222,'STEAM_1:0:77194684',3,6,1752308988),
(1223,'STEAM_1:0:77194684',3,6,1752309002),
(1224,'STEAM_1:0:77194684',8,2,1752309007),
(1225,'STEAM_1:0:77194684',9,-20,1752309013),
(1226,'STEAM_1:0:77194684',3,6,1752309020),
(1227,'STEAM_1:0:77194684',3,6,1752309023),
(1228,'STEAM_1:0:77194684',3,6,1752309032),
(1229,'STEAM_1:0:77194684',8,2,1752309057),
(1230,'STEAM_1:0:77194684',8,2,1752309058),
(1231,'STEAM_1:0:77194684',9,-20,1752309063),
(1232,'STEAM_1:0:77194684',9,-20,1752309063),
(1233,'STEAM_1:0:77194684',9,-20,1752309063),
(1234,'STEAM_1:0:77194684',8,2,1752309066),
(1235,'STEAM_1:0:77194684',8,2,1752309068),
(1236,'STEAM_1:0:77194684',8,2,1752309069),
(1237,'STEAM_1:0:77194684',8,2,1752309075),
(1238,'STEAM_1:0:77194684',8,2,1752309075),
(1239,'STEAM_1:0:77194684',9,-20,1752309076),
(1240,'STEAM_1:0:77194684',3,6,1752309086),
(1241,'STEAM_1:0:77194684',8,2,1752309087),
(1242,'STEAM_1:0:77194684',3,6,1752309110),
(1243,'STEAM_1:0:77194684',8,2,1752309112),
(1244,'STEAM_1:0:77194684',8,2,1752309122),
(1245,'STEAM_1:0:77194684',8,2,1752309122),
(1246,'STEAM_1:0:77194684',8,2,1752309124),
(1247,'STEAM_1:0:77194684',8,2,1752309124),
(1248,'STEAM_1:0:77194684',3,6,1752309127),
(1249,'STEAM_1:0:77194684',3,6,1752309137),
(1250,'STEAM_1:0:77194684',3,6,1752309144),
(1251,'STEAM_1:0:77194684',8,2,1752309144),
(1252,'STEAM_1:0:77194684',8,2,1752309146),
(1253,'STEAM_1:1:50902447',8,2,1752309215),
(1254,'STEAM_1:1:50902447',3,6,1752309235),
(1255,'STEAM_1:1:50902447',8,2,1752309236),
(1256,'STEAM_1:1:50902447',3,6,1752309265),
(1257,'STEAM_1:1:50902447',3,6,1752309268),
(1258,'STEAM_1:1:50902447',9,-10,1752309301),
(1259,'STEAM_1:1:50902447',9,-10,1752309304),
(1260,'STEAM_1:1:50902447',9,-10,1752309304),
(1261,'STEAM_1:1:50902447',3,6,1752309316),
(1262,'STEAM_1:1:50902447',9,-10,1752309330),
(1263,'STEAM_1:1:50902447',9,-10,1752309340),
(1264,'STEAM_1:1:50902447',3,6,1752309342),
(1265,'STEAM_1:1:50902447',8,2,1752309357),
(1266,'STEAM_1:1:50902447',3,6,1752309384),
(1267,'STEAM_1:1:50902447',9,-10,1752309414),
(1268,'STEAM_1:1:50902447',9,-10,1752309415),
(1269,'STEAM_1:1:50902447',9,-10,1752309415),
(1270,'STEAM_1:1:50902447',9,-10,1752309415),
(1271,'STEAM_1:1:50902447',9,-10,1752309415),
(1272,'STEAM_1:1:50902447',9,-10,1752309416),
(1273,'STEAM_1:1:50902447',9,-10,1752309416),
(1274,'STEAM_1:1:50902447',9,-10,1752309416),
(1275,'STEAM_1:1:50902447',9,-10,1752309417),
(1276,'STEAM_1:1:50902447',9,-10,1752309418),
(1277,'STEAM_1:1:50902447',3,6,1752309429),
(1278,'STEAM_1:1:50902447',8,2,1752309441),
(1279,'STEAM_1:1:50902447',8,2,1752309448),
(1280,'STEAM_1:1:50902447',8,2,1752309450),
(1281,'STEAM_1:1:50902447',8,2,1752309451),
(1282,'STEAM_1:1:50902447',8,2,1752309455),
(1283,'STEAM_1:1:50902447',3,6,1752309463),
(1284,'STEAM_1:1:50902447',8,2,1752309465),
(1285,'STEAM_1:1:50902447',3,6,1752309481),
(1286,'STEAM_1:1:50902447',8,2,1752309482),
(1287,'STEAM_1:1:50902447',11,25,1752309492),
(1288,'STEAM_1:1:50902447',8,2,1752309497),
(1289,'STEAM_1:1:50902447',8,2,1752309498),
(1290,'STEAM_1:1:50902447',9,-10,1752309511),
(1291,'STEAM_1:1:50902447',9,-10,1752309511),
(1292,'STEAM_1:1:50902447',3,6,1752309511),
(1293,'STEAM_1:1:50902447',9,-10,1752309511),
(1294,'STEAM_1:1:50902447',9,-10,1752309511),
(1295,'STEAM_1:1:50902447',11,25,1752309549),
(1296,'STEAM_1:1:50902447',3,6,1752309570),
(1297,'STEAM_1:1:50902447',9,-10,1752309638),
(1298,'STEAM_1:1:50902447',12,7,1752309658),
(1299,'STEAM_1:1:50902447',9,-10,1752309662),
(1300,'STEAM_1:1:50902447',3,6,1752309663),
(1301,'STEAM_1:1:50902447',8,2,1752309694),
(1302,'STEAM_1:0:77194684',3,6,1752309222),
(1303,'STEAM_1:0:77194684',9,-20,1752309225),
(1304,'STEAM_1:0:77194684',3,6,1752309229),
(1305,'STEAM_1:0:77194684',8,2,1752309234),
(1306,'STEAM_1:0:77194684',8,2,1752309235),
(1307,'STEAM_1:0:77194684',8,2,1752309254),
(1308,'STEAM_1:0:77194684',3,6,1752309257),
(1309,'STEAM_1:0:77194684',8,2,1752309271),
(1310,'STEAM_1:0:77194684',8,2,1752309271),
(1311,'STEAM_1:0:77194684',3,6,1752309275),
(1312,'STEAM_1:0:77194684',8,2,1752309282),
(1313,'STEAM_1:0:77194684',9,0,1752309286),
(1314,'STEAM_1:0:77194684',8,2,1752309287),
(1315,'STEAM_1:0:77194684',3,6,1752309306),
(1316,'STEAM_1:0:77194684',8,2,1752309320),
(1317,'STEAM_1:0:77194684',8,2,1752309322),
(1318,'STEAM_1:0:77194684',8,2,1752309324),
(1319,'STEAM_1:0:77194684',3,6,1752309347),
(1320,'STEAM_1:0:77194684',3,6,1752309349),
(1321,'STEAM_1:0:77194684',3,6,1752309351),
(1322,'STEAM_1:0:77194684',8,2,1752309352),
(1323,'STEAM_1:0:77194684',8,2,1752309355),
(1324,'STEAM_1:0:77194684',3,6,1752309365),
(1325,'STEAM_1:0:77194684',10,50,1752309389),
(1326,'STEAM_1:0:77194684',8,2,1752309391),
(1327,'STEAM_1:0:77194684',8,2,1752309413),
(1328,'STEAM_1:0:77194684',9,-20,1752309424),
(1329,'STEAM_1:0:77194684',3,6,1752309432),
(1330,'STEAM_1:0:77194684',8,2,1752309447),
(1331,'STEAM_1:0:77194684',8,2,1752309447),
(1332,'STEAM_1:0:77194684',8,2,1752309452),
(1333,'STEAM_1:0:77194684',8,2,1752309466),
(1334,'STEAM_1:0:77194684',8,2,1752309468),
(1335,'STEAM_1:0:77194684',8,2,1752309468),
(1336,'STEAM_1:0:77194684',3,6,1752309477),
(1337,'STEAM_1:0:77194684',3,6,1752309478),
(1338,'STEAM_1:0:77194684',8,2,1752309491),
(1339,'STEAM_1:0:77194684',3,6,1752309498),
(1340,'STEAM_1:0:77194684',8,2,1752309505),
(1341,'STEAM_1:0:77194684',8,2,1752309505),
(1342,'STEAM_1:0:77194684',8,2,1752309506),
(1343,'STEAM_1:0:77194684',8,2,1752309580),
(1344,'STEAM_1:0:77194684',5,15,1752309580),
(1345,'STEAM_1:0:77194684',3,6,1752309586),
(1346,'STEAM_1:0:77194684',11,25,1752309592),
(1347,'STEAM_1:0:77194684',3,6,1752309609),
(1348,'STEAM_1:0:77194684',3,6,1752309620),
(1349,'STEAM_1:0:77194684',8,2,1752309635),
(1350,'STEAM_1:0:77194684',8,2,1752309645),
(1351,'STEAM_1:0:77194684',3,6,1752309665),
(1352,'STEAM_1:0:77194684',3,6,1752309687),
(1353,'STEAM_1:0:77194684',11,25,1752309694),
(1354,'STEAM_1:0:77194684',8,2,1752309697),
(1355,'STEAM_1:1:42077851',8,2,1752309235),
(1356,'STEAM_1:1:42077851',8,2,1752309240),
(1357,'STEAM_1:1:42077851',8,2,1752309254),
(1358,'STEAM_1:1:42077851',3,6,1752309271),
(1359,'STEAM_1:1:42077851',3,6,1752309272),
(1360,'STEAM_1:1:42077851',3,6,1752309303),
(1361,'STEAM_1:1:42077851',11,25,1752309356),
(1362,'STEAM_1:1:42077851',8,2,1752309357),
(1363,'STEAM_1:1:42077851',8,2,1752309365),
(1364,'STEAM_1:1:42077851',8,2,1752309365),
(1365,'STEAM_1:1:42077851',3,6,1752309376),
(1366,'STEAM_1:1:42077851',3,6,1752309380),
(1367,'STEAM_1:1:42077851',3,6,1752309382),
(1368,'STEAM_1:1:42077851',3,6,1752309391),
(1369,'STEAM_1:1:42077851',3,6,1752309423),
(1370,'STEAM_1:1:42077851',3,6,1752309423),
(1371,'STEAM_1:1:42077851',3,6,1752309436),
(1372,'STEAM_1:1:42077851',8,2,1752309452),
(1373,'STEAM_1:1:42077851',8,2,1752309456),
(1374,'STEAM_1:1:42077851',8,2,1752309456),
(1375,'STEAM_1:1:42077851',8,2,1752309457),
(1376,'STEAM_1:1:42077851',8,2,1752309457),
(1377,'STEAM_1:1:42077851',8,2,1752309465),
(1378,'STEAM_1:1:42077851',8,2,1752309472),
(1379,'STEAM_1:1:42077851',8,2,1752309472),
(1380,'STEAM_1:1:42077851',8,2,1752309472),
(1381,'STEAM_1:1:42077851',8,2,1752309472),
(1382,'STEAM_1:1:42077851',8,2,1752309472),
(1383,'STEAM_1:1:42077851',8,2,1752309480),
(1384,'STEAM_1:1:42077851',9,-10,1752309480),
(1385,'STEAM_1:1:42077851',8,2,1752309516),
(1386,'STEAM_1:1:42077851',3,6,1752309519),
(1387,'STEAM_1:1:42077851',11,25,1752309534),
(1388,'STEAM_1:1:42077851',3,6,1752309586),
(1389,'STEAM_1:1:42077851',3,6,1752309586),
(1390,'STEAM_1:1:42077851',3,6,1752309590),
(1391,'STEAM_1:1:42077851',9,-10,1752309612),
(1392,'STEAM_1:1:42077851',5,15,1752309614),
(1393,'STEAM_1:1:42077851',3,6,1752309624),
(1394,'STEAM_1:1:42077851',3,6,1752309625),
(1395,'STEAM_1:1:42077851',8,2,1752309633),
(1396,'STEAM_1:1:42077851',8,2,1752309633),
(1397,'STEAM_1:1:42077851',3,6,1752309660),
(1398,'STEAM_1:1:42077851',8,2,1752309689),
(1399,'STEAM_1:1:42077851',8,2,1752309735),
(1400,'STEAM_1:1:42077851',3,6,1752309769),
(1401,'STEAM_1:1:42077851',8,2,1752309769),
(1402,'STEAM_1:1:42077851',9,-10,1752309769),
(1403,'STEAM_1:1:42077851',3,6,1752309779),
(1404,'STEAM_1:1:42077851',8,2,1752309793),
(1405,'STEAM_1:1:42077851',9,-10,1752309804),
(1406,'STEAM_1:1:42077851',8,2,1752309811),
(1407,'STEAM_1:1:42077851',9,-10,1752309820),
(1408,'STEAM_1:1:42077851',9,-10,1752309888),
(1409,'STEAM_1:1:42077851',9,-10,1752309888),
(1410,'STEAM_1:1:42077851',9,-10,1752309888),
(1411,'STEAM_1:1:42077851',9,-10,1752309889),
(1412,'STEAM_1:1:42077851',9,-10,1752309889),
(1413,'STEAM_1:1:42077851',3,6,1752309905),
(1414,'STEAM_1:1:42077851',3,6,1752309907),
(1415,'STEAM_1:1:42077851',8,2,1752309953),
(1416,'STEAM_1:1:42077851',8,2,1752309986),
(1417,'STEAM_1:1:42077851',8,2,1752309994),
(1418,'STEAM_1:1:42077851',8,2,1752309997),
(1419,'STEAM_1:1:42077851',8,2,1752310003),
(1420,'STEAM_1:1:42077851',9,-10,1752310029),
(1421,'STEAM_1:1:42077851',8,2,1752310033),
(1422,'STEAM_1:1:50902447',10,50,1752309743),
(1423,'STEAM_1:1:50902447',3,6,1752309760),
(1424,'STEAM_1:1:50902447',9,-20,1752309772),
(1425,'STEAM_1:1:50902447',8,2,1752309785),
(1426,'STEAM_1:1:50902447',3,6,1752309811),
(1427,'STEAM_1:1:50902447',11,25,1752309826),
(1428,'STEAM_1:1:50902447',3,6,1752309839),
(1429,'STEAM_1:1:50902447',3,6,1752309840),
(1430,'STEAM_1:1:50902447',3,6,1752309855),
(1431,'STEAM_1:1:50902447',9,-10,1752309866),
(1432,'STEAM_1:1:50902447',3,6,1752309867),
(1433,'STEAM_1:1:50902447',3,6,1752309870),
(1434,'STEAM_1:1:50902447',3,6,1752309871),
(1435,'STEAM_1:1:50902447',3,6,1752309888),
(1436,'STEAM_1:1:50902447',9,-10,1752309915),
(1437,'STEAM_1:1:50902447',9,-20,1752309949),
(1438,'STEAM_1:1:50902447',8,2,1752309949),
(1439,'STEAM_1:1:50902447',3,6,1752309967),
(1440,'STEAM_1:1:50902447',3,6,1752309975),
(1441,'STEAM_1:1:50902447',8,2,1752309983),
(1442,'STEAM_1:1:50902447',8,2,1752309989),
(1443,'STEAM_1:1:50902447',8,2,1752310014),
(1444,'STEAM_1:1:50902447',8,2,1752310022),
(1445,'STEAM_1:0:77194684',10,50,1752309736),
(1446,'STEAM_1:0:77194684',3,6,1752309759),
(1447,'STEAM_1:0:77194684',3,6,1752309778),
(1448,'STEAM_1:0:77194684',9,-20,1752309780),
(1449,'STEAM_1:0:77194684',9,0,1752309781),
(1450,'STEAM_1:0:77194684',3,6,1752309782),
(1451,'STEAM_1:0:77194684',8,2,1752309793),
(1452,'STEAM_1:0:77194684',3,6,1752309796),
(1453,'STEAM_1:0:77194684',8,2,1752309816),
(1454,'STEAM_1:0:77194684',8,2,1752309817),
(1455,'STEAM_1:0:77194684',8,2,1752309818),
(1456,'STEAM_1:0:77194684',8,2,1752309818),
(1457,'STEAM_1:0:77194684',3,6,1752309831),
(1458,'STEAM_1:0:77194684',8,2,1752309832),
(1459,'STEAM_1:0:77194684',8,2,1752309842),
(1460,'STEAM_1:0:77194684',8,2,1752309845),
(1461,'STEAM_1:0:77194684',3,6,1752309862),
(1462,'STEAM_1:0:77194684',3,6,1752309876),
(1463,'STEAM_1:0:77194684',3,6,1752309900),
(1464,'STEAM_1:0:77194684',11,25,1752309906),
(1465,'STEAM_1:0:77194684',3,6,1752309929),
(1466,'STEAM_1:0:77194684',8,2,1752309937),
(1467,'STEAM_1:0:77194684',3,6,1752309941),
(1468,'STEAM_1:0:77194684',3,6,1752309964),
(1469,'STEAM_1:0:77194684',3,6,1752310009),
(1470,'STEAM_1:0:77194684',8,2,1752310010),
(1471,'STEAM_1:0:77194684',3,6,1752310014),
(1472,'STEAM_1:0:77194684',8,2,1752310023),
(1473,'STEAM_1:0:77194684',8,2,1752310025),
(1474,'STEAM_1:0:77194684',3,6,1752310036),
(1475,'STEAM_1:0:727844272',3,6,1752308952),
(1476,'STEAM_1:0:727844272',3,6,1752308953),
(1477,'STEAM_1:0:727844272',8,2,1752308970),
(1478,'STEAM_1:0:727844272',8,2,1752308996),
(1479,'STEAM_1:0:727844272',8,2,1752309016),
(1480,'STEAM_1:0:727844272',8,2,1752309026),
(1481,'STEAM_1:0:727844272',8,2,1752309048),
(1482,'STEAM_1:0:727844272',3,6,1752309058),
(1483,'STEAM_1:0:727844272',3,6,1752309081),
(1484,'STEAM_1:0:727844272',9,-10,1752309089),
(1485,'STEAM_1:0:727844272',8,2,1752309090),
(1486,'STEAM_1:0:727844272',8,2,1752309090),
(1487,'STEAM_1:0:727844272',9,-40,1752309138),
(1488,'STEAM_1:0:727844272',9,-500,1752309138),
(1489,'STEAM_1:0:727844272',9,-20,1752309208),
(1490,'STEAM_1:0:727844272',3,6,1752309219),
(1491,'STEAM_1:0:727844272',3,6,1752309226),
(1492,'STEAM_1:0:727844272',3,6,1752309236),
(1493,'STEAM_1:0:727844272',8,2,1752309244),
(1494,'STEAM_1:0:727844272',9,-20,1752309258),
(1495,'STEAM_1:0:727844272',3,6,1752309300),
(1496,'STEAM_1:0:727844272',3,6,1752309301),
(1497,'STEAM_1:0:727844272',3,6,1752309313),
(1498,'STEAM_1:0:727844272',8,2,1752309313),
(1499,'STEAM_1:0:727844272',9,-20,1752309316),
(1500,'STEAM_1:0:727844272',9,-20,1752309317),
(1501,'STEAM_1:0:727844272',5,15,1752309331),
(1502,'STEAM_1:0:727844272',3,6,1752309339),
(1503,'STEAM_1:0:727844272',11,25,1752309368),
(1504,'STEAM_1:0:727844272',3,6,1752309436),
(1505,'STEAM_1:0:727844272',8,2,1752309449),
(1506,'STEAM_1:0:727844272',8,2,1752309452),
(1507,'STEAM_1:0:727844272',3,6,1752309459),
(1508,'STEAM_1:0:727844272',3,6,1752309475),
(1509,'STEAM_1:0:727844272',8,2,1752309482),
(1510,'STEAM_1:0:727844272',8,2,1752309482),
(1511,'STEAM_1:0:727844272',8,2,1752309504),
(1512,'STEAM_1:0:727844272',3,6,1752309513),
(1513,'STEAM_1:0:727844272',3,6,1752309518),
(1514,'STEAM_1:0:727844272',3,6,1752309542),
(1515,'STEAM_1:0:727844272',11,25,1752309550),
(1516,'STEAM_1:0:727844272',3,6,1752309551),
(1517,'STEAM_1:0:727844272',3,6,1752309552),
(1518,'STEAM_1:0:727844272',3,6,1752309567),
(1519,'STEAM_1:0:727844272',5,15,1752309598),
(1520,'STEAM_1:0:727844272',3,6,1752309603),
(1521,'STEAM_1:0:727844272',9,-20,1752309612),
(1522,'STEAM_1:0:727844272',9,-20,1752309612),
(1523,'STEAM_1:0:727844272',11,25,1752309623),
(1524,'STEAM_1:0:727844272',3,6,1752309658),
(1525,'STEAM_1:0:727844272',8,2,1752309756),
(1526,'STEAM_1:0:727844272',3,6,1752309803),
(1527,'STEAM_1:0:727844272',3,6,1752309817),
(1528,'STEAM_1:0:727844272',8,2,1752309838),
(1529,'STEAM_1:0:727844272',3,6,1752309918),
(1530,'STEAM_1:0:727844272',3,6,1752309925),
(1531,'STEAM_1:0:727844272',8,2,1752309927),
(1532,'STEAM_1:0:727844272',8,2,1752309929),
(1533,'STEAM_1:0:727844272',8,2,1752309932),
(1534,'STEAM_1:0:727844272',3,6,1752309940),
(1535,'STEAM_1:0:727844272',3,6,1752309946),
(1536,'STEAM_1:0:727844272',3,6,1752309957),
(1537,'STEAM_1:0:727844272',3,6,1752309990),
(1538,'STEAM_1:0:727844272',3,6,1752310091),
(1539,'STEAM_1:0:727844272',3,6,1752310100),
(1540,'STEAM_1:0:727844272',8,2,1752310125),
(1541,'STEAM_1:0:727844272',8,2,1752310161),
(1542,'STEAM_1:0:727844272',3,6,1752310186),
(1543,'STEAM_1:1:42077851',8,2,1752310149),
(1544,'STEAM_1:1:42077851',8,2,1752310150),
(1545,'STEAM_1:1:42077851',8,2,1752310150),
(1546,'STEAM_1:1:42077851',8,2,1752310187),
(1547,'STEAM_1:1:42077851',9,-10,1752310187),
(1548,'STEAM_1:1:42077851',3,6,1752310187),
(1549,'STEAM_1:1:42077851',3,6,1752310200),
(1550,'STEAM_1:1:50902447',8,2,1752310087),
(1551,'STEAM_1:1:50902447',3,6,1752310094),
(1552,'STEAM_1:1:50902447',3,6,1752310098),
(1553,'STEAM_1:1:50902447',3,6,1752310106),
(1554,'STEAM_1:1:50902447',3,6,1752310127),
(1555,'STEAM_1:1:50902447',8,2,1752310131),
(1556,'STEAM_1:1:50902447',11,25,1752310155),
(1557,'STEAM_1:1:50902447',3,6,1752310159),
(1558,'STEAM_1:1:50902447',3,6,1752310167),
(1559,'STEAM_1:1:50902447',3,6,1752310190),
(1560,'STEAM_1:1:50902447',8,2,1752310193),
(1561,'STEAM_1:1:50902447',8,2,1752310195),
(1562,'STEAM_1:0:77194684',10,50,1752310068),
(1563,'STEAM_1:0:77194684',8,2,1752310073),
(1564,'STEAM_1:0:77194684',8,2,1752310083),
(1565,'STEAM_1:0:77194684',8,2,1752310084),
(1566,'STEAM_1:0:77194684',3,6,1752310096),
(1567,'STEAM_1:0:77194684',8,2,1752310116),
(1568,'STEAM_1:0:77194684',8,2,1752310125),
(1569,'STEAM_1:0:77194684',3,6,1752310129),
(1570,'STEAM_1:0:77194684',3,6,1752310130),
(1571,'STEAM_1:0:77194684',8,2,1752310132),
(1572,'STEAM_1:0:77194684',3,6,1752310136),
(1573,'STEAM_1:0:77194684',3,6,1752310152),
(1574,'STEAM_1:0:77194684',8,2,1752310152),
(1575,'STEAM_1:0:77194684',8,2,1752310166),
(1576,'STEAM_1:0:77194684',8,2,1752310172),
(1577,'STEAM_1:0:77194684',8,2,1752310173),
(1578,'STEAM_1:0:77194684',8,2,1752310196),
(1579,'STEAM_1:0:727844272',8,2,1752310241),
(1580,'STEAM_1:0:727844272',8,2,1752310241),
(1581,'STEAM_1:0:727844272',3,6,1752310251),
(1582,'STEAM_1:0:727844272',8,2,1752310272),
(1583,'STEAM_1:0:727844272',3,6,1752310286),
(1584,'STEAM_1:0:727844272',8,2,1752310295),
(1585,'STEAM_1:0:727844272',8,2,1752310322),
(1586,'STEAM_1:0:727844272',3,6,1752310330),
(1587,'STEAM_1:0:727844272',8,2,1752310362),
(1588,'STEAM_1:0:727844272',4,18,1752310365),
(1589,'STEAM_1:0:727844272',3,6,1752310373),
(1590,'STEAM_1:0:77194684',10,50,1752310220),
(1591,'STEAM_1:0:77194684',9,-20,1752310242),
(1592,'STEAM_1:0:77194684',8,2,1752310249),
(1593,'STEAM_1:0:77194684',8,2,1752310249),
(1594,'STEAM_1:0:77194684',3,6,1752310299),
(1595,'STEAM_1:0:77194684',8,2,1752310318),
(1596,'STEAM_1:0:77194684',3,6,1752310324),
(1597,'STEAM_1:0:77194684',8,2,1752310325),
(1598,'STEAM_1:0:77194684',3,6,1752310325),
(1599,'STEAM_1:0:77194684',9,0,1752310351),
(1600,'STEAM_1:0:77194684',4,19,1752310365),
(1601,'STEAM_1:0:77194684',10,50,1752310411),
(1602,'STEAM_1:0:77194684',8,2,1752310420),
(1603,'STEAM_1:0:77194684',8,2,1752310437),
(1604,'STEAM_1:0:77194684',8,2,1752310437),
(1605,'STEAM_1:0:77194684',3,6,1752310437),
(1606,'STEAM_1:0:77194684',8,2,1752310445),
(1607,'STEAM_1:0:77194684',11,25,1752310474),
(1608,'STEAM_1:0:77194684',10,50,1752310488),
(1609,'STEAM_1:0:77194684',3,6,1752310496),
(1610,'STEAM_1:0:77194684',3,6,1752310499),
(1611,'STEAM_1:0:77194684',8,2,1752310555),
(1612,'STEAM_1:0:77194684',8,2,1752310567),
(1613,'STEAM_1:0:77194684',3,6,1752310574),
(1614,'STEAM_1:0:77194684',3,6,1752310578),
(1615,'STEAM_1:0:77194684',3,6,1752310579),
(1616,'STEAM_1:0:77194684',3,6,1752310593),
(1617,'STEAM_1:0:77194684',8,2,1752310601),
(1618,'STEAM_1:0:77194684',8,2,1752310601),
(1619,'STEAM_1:0:77194684',8,2,1752310605),
(1620,'STEAM_1:0:77194684',3,6,1752310610),
(1621,'STEAM_1:0:77194684',8,2,1752310614),
(1622,'STEAM_1:0:77194684',8,2,1752310615),
(1623,'STEAM_1:0:77194684',3,6,1752310629),
(1624,'STEAM_1:0:77194684',8,2,1752310631),
(1625,'STEAM_1:0:77194684',8,2,1752310631),
(1626,'STEAM_1:0:77194684',8,2,1752310632),
(1627,'STEAM_1:0:77194684',3,6,1752310634),
(1628,'STEAM_1:0:77194684',8,2,1752310648),
(1629,'STEAM_1:0:77194684',3,6,1752310655),
(1630,'STEAM_1:0:77194684',3,6,1752310668),
(1631,'STEAM_1:0:77194684',8,2,1752310669),
(1632,'STEAM_1:0:77194684',8,2,1752310669),
(1633,'STEAM_1:0:77194684',8,2,1752310685),
(1634,'STEAM_1:0:77194684',8,2,1752310709),
(1635,'STEAM_1:0:77194684',8,2,1752310716),
(1636,'STEAM_1:0:77194684',8,2,1752310716),
(1637,'STEAM_1:0:77194684',8,2,1752310717),
(1638,'STEAM_1:0:77194684',8,2,1752310720),
(1639,'STEAM_1:0:77194684',9,-20,1752310720),
(1640,'STEAM_1:0:77194684',9,-20,1752310722),
(1641,'STEAM_1:0:77194684',11,25,1752310728),
(1642,'STEAM_1:0:77194684',8,2,1752310729),
(1643,'STEAM_1:0:77194684',8,2,1752310729),
(1644,'STEAM_1:0:77194684',8,2,1752310743),
(1645,'STEAM_1:0:77194684',8,2,1752310743),
(1646,'STEAM_1:0:77194684',8,2,1752310743),
(1647,'STEAM_1:0:77194684',8,2,1752310744),
(1648,'STEAM_1:0:77194684',8,2,1752310744),
(1649,'STEAM_1:0:77194684',3,6,1752310758),
(1650,'STEAM_1:0:77194684',11,25,1752310767),
(1651,'STEAM_1:0:77194684',10,50,1752310785),
(1652,'STEAM_1:0:77194684',8,2,1752310792),
(1653,'STEAM_1:0:77194684',8,2,1752310793),
(1654,'STEAM_1:0:77194684',8,2,1752310794),
(1655,'STEAM_1:0:77194684',3,6,1752310809),
(1656,'STEAM_1:0:77194684',8,2,1752310811),
(1657,'STEAM_1:0:77194684',8,2,1752310846),
(1658,'STEAM_1:0:77194684',9,-20,1752310849),
(1659,'STEAM_1:1:42077851',8,2,1752310469),
(1660,'STEAM_1:1:42077851',8,2,1752310509),
(1661,'STEAM_1:1:42077851',8,2,1752310514),
(1662,'STEAM_1:1:42077851',9,-10,1752310519),
(1663,'STEAM_1:1:42077851',9,-10,1752310519),
(1664,'STEAM_1:1:42077851',8,2,1752310570),
(1665,'STEAM_1:1:42077851',8,2,1752310577),
(1666,'STEAM_1:1:42077851',8,2,1752310580),
(1667,'STEAM_1:1:42077851',8,2,1752310603),
(1668,'STEAM_1:1:42077851',8,2,1752310603),
(1669,'STEAM_1:1:42077851',3,6,1752310607),
(1670,'STEAM_1:1:42077851',8,2,1752310614),
(1671,'STEAM_1:1:42077851',8,2,1752310614),
(1672,'STEAM_1:1:42077851',9,-10,1752310617),
(1673,'STEAM_1:1:42077851',8,2,1752310624),
(1674,'STEAM_1:1:42077851',3,6,1752310657),
(1675,'STEAM_1:1:42077851',3,6,1752310682),
(1676,'STEAM_1:1:42077851',9,-10,1752310692),
(1677,'STEAM_1:1:42077851',8,2,1752310697),
(1678,'STEAM_1:1:42077851',8,2,1752310706),
(1679,'STEAM_1:1:42077851',10,50,1752310903),
(1680,'STEAM_1:1:42077851',3,6,1752310926),
(1681,'STEAM_1:1:42077851',3,6,1752310966),
(1682,'STEAM_1:1:42077851',3,6,1752311007),
(1683,'STEAM_1:1:42077851',8,2,1752311019),
(1684,'STEAM_1:1:42077851',3,6,1752311082),
(1685,'STEAM_1:1:42077851',8,2,1752311230),
(1686,'STEAM_1:1:42077851',8,2,1752311232),
(1687,'STEAM_1:1:42077851',8,2,1752311238),
(1688,'STEAM_1:1:42077851',8,2,1752311244),
(1689,'STEAM_1:1:42077851',8,2,1752311245),
(1690,'STEAM_1:1:42077851',8,2,1752311246),
(1691,'STEAM_1:1:42077851',8,2,1752311260),
(1692,'STEAM_1:1:42077851',8,2,1752311263),
(1693,'STEAM_1:1:42077851',3,6,1752311277),
(1694,'STEAM_1:1:42077851',3,6,1752311281),
(1695,'STEAM_1:1:42077851',3,6,1752311355),
(1696,'STEAM_1:1:42077851',9,-10,1752311397),
(1697,'STEAM_1:1:42077851',8,2,1752311409),
(1698,'STEAM_1:1:42077851',9,-10,1752311416),
(1699,'STEAM_1:1:42077851',9,-10,1752311416),
(1700,'STEAM_1:1:42077851',3,6,1752311425),
(1701,'STEAM_1:1:42077851',8,2,1752311435),
(1702,'STEAM_1:1:42077851',3,6,1752311444),
(1703,'STEAM_1:1:42077851',8,2,1752311457),
(1704,'STEAM_1:1:42077851',8,2,1752311461),
(1705,'STEAM_1:1:42077851',3,6,1752311462),
(1706,'STEAM_1:1:42077851',3,6,1752311474),
(1707,'STEAM_1:1:42077851',4,5,1752311515),
(1708,'STEAM_1:1:42077851',9,-10,1752311515),
(1709,'STEAM_1:1:42077851',3,6,1752311602),
(1710,'STEAM_1:1:42077851',3,6,1752311702),
(1711,'STEAM_1:1:42077851',8,2,1752311731),
(1712,'STEAM_1:1:42077851',8,2,1752311750),
(1713,'STEAM_1:1:42077851',8,2,1752311756),
(1714,'STEAM_1:1:42077851',9,-10,1752311773),
(1715,'STEAM_1:1:42077851',9,-10,1752311773),
(1716,'STEAM_1:1:42077851',9,-10,1752311774),
(1717,'STEAM_1:1:42077851',9,-10,1752311774),
(1718,'STEAM_1:1:42077851',11,25,1752311783),
(1719,'STEAM_1:1:42077851',11,25,1752311793),
(1720,'STEAM_1:1:42077851',9,-10,1752311817),
(1721,'STEAM_1:1:42077851',9,-10,1752311817),
(1722,'STEAM_1:1:42077851',3,6,1752311822),
(1723,'STEAM_1:1:42077851',3,6,1752311845),
(1724,'STEAM_1:1:42077851',9,-10,1752311846),
(1725,'STEAM_1:1:42077851',8,2,1752311846),
(1726,'STEAM_1:1:42077851',8,2,1752311867),
(1727,'STEAM_1:1:42077851',8,2,1752311867),
(1728,'STEAM_1:1:42077851',8,2,1752311906),
(1729,'STEAM_1:1:42077851',3,6,1752311918),
(1730,'STEAM_1:1:42077851',8,2,1752311925),
(1731,'STEAM_1:1:42077851',8,2,1752311926),
(1732,'STEAM_1:1:42077851',8,2,1752311926),
(1733,'STEAM_1:1:42077851',9,-10,1752311927),
(1734,'STEAM_1:1:42077851',9,-10,1752311928),
(1735,'STEAM_1:1:42077851',8,2,1752311932),
(1736,'STEAM_1:1:42077851',11,25,1752311937),
(1737,'STEAM_1:1:42077851',10,50,1752311951),
(1738,'STEAM_1:1:42077851',3,6,1752312004),
(1739,'STEAM_1:1:42077851',8,2,1752312005),
(1740,'STEAM_1:1:42077851',3,6,1752312020),
(1741,'STEAM_1:1:42077851',3,6,1752312046),
(1742,'STEAM_1:1:42077851',3,6,1752312076),
(1743,'STEAM_1:1:42077851',8,2,1752312143),
(1744,'STEAM_1:1:42077851',9,-10,1752312145),
(1745,'STEAM_1:1:42077851',8,2,1752312147),
(1746,'STEAM_1:1:42077851',9,-10,1752312181),
(1747,'STEAM_1:1:42077851',9,-10,1752312181),
(1748,'STEAM_1:1:42077851',8,2,1752312182),
(1749,'STEAM_1:1:42077851',8,2,1752312182),
(1750,'STEAM_1:1:42077851',8,2,1752312183),
(1751,'STEAM_1:1:42077851',9,-10,1752312183),
(1752,'STEAM_1:1:42077851',9,-10,1752312183),
(1753,'STEAM_1:1:42077851',9,-10,1752312183),
(1754,'STEAM_1:1:42077851',11,25,1752312193),
(1755,'STEAM_1:1:42077851',8,2,1752312201),
(1756,'STEAM_1:1:42077851',3,6,1752312220),
(1757,'STEAM_1:1:42077851',8,2,1752312284),
(1758,'STEAM_1:1:42077851',9,-10,1752312286),
(1759,'STEAM_1:1:42077851',4,7,1752312293),
(1760,'STEAM_1:1:42077851',8,2,1752312302),
(1761,'STEAM_1:1:42077851',8,2,1752312303),
(1762,'STEAM_1:1:42077851',8,2,1752312303),
(1763,'STEAM_1:1:42077851',10,50,1752312368),
(1764,'STEAM_1:1:42077851',3,6,1752312423),
(1765,'STEAM_1:1:42077851',3,6,1752312426),
(1766,'STEAM_1:1:42077851',3,6,1752312427),
(1767,'STEAM_1:1:42077851',8,2,1752312430),
(1768,'STEAM_1:1:42077851',9,-10,1752312461),
(1769,'STEAM_1:1:42077851',9,-10,1752312461),
(1770,'STEAM_1:1:42077851',9,-10,1752312462),
(1771,'STEAM_1:1:42077851',9,-10,1752312462),
(1772,'STEAM_1:1:42077851',9,-10,1752312462),
(1773,'STEAM_1:1:42077851',9,-10,1752312462),
(1774,'STEAM_1:1:42077851',9,-10,1752312462),
(1775,'STEAM_1:1:42077851',9,-10,1752312463),
(1776,'STEAM_1:1:42077851',9,-10,1752312463),
(1777,'STEAM_1:1:42077851',9,-10,1752312463),
(1778,'STEAM_1:1:42077851',9,-10,1752312463),
(1779,'STEAM_1:1:42077851',9,-10,1752312464),
(1780,'STEAM_1:1:42077851',9,-10,1752312464),
(1781,'STEAM_1:1:42077851',9,-10,1752312464),
(1782,'STEAM_1:1:42077851',9,-10,1752312464),
(1783,'STEAM_1:1:42077851',9,-10,1752312464),
(1784,'STEAM_1:1:42077851',9,-10,1752312465),
(1785,'STEAM_1:1:42077851',9,-10,1752312465),
(1786,'STEAM_1:1:42077851',9,-10,1752312465),
(1787,'STEAM_1:1:42077851',9,-10,1752312465),
(1788,'STEAM_1:1:42077851',9,-10,1752312465),
(1789,'STEAM_1:1:42077851',9,-10,1752312466),
(1790,'STEAM_1:1:42077851',9,-10,1752312466),
(1791,'STEAM_1:1:42077851',9,-10,1752312466),
(1792,'STEAM_1:1:42077851',3,6,1752312474),
(1793,'STEAM_1:1:42077851',3,6,1752312486),
(1794,'STEAM_1:1:42077851',9,-10,1752312513),
(1795,'STEAM_1:0:727844272',2,1,1752313044),
(1796,'STEAM_1:0:727844272',2,1,1752313076),
(1797,'STEAM_1:0:727844272',2,1,1752313078),
(1798,'STEAM_1:0:727844272',2,1,1752313081),
(1799,'STEAM_1:0:727844272',2,1,1752313082),
(1800,'STEAM_1:0:727844272',2,1,1752313105),
(1801,'STEAM_1:0:727844272',2,1,1752313117),
(1802,'STEAM_1:0:727844272',2,1,1752313118),
(1803,'STEAM_1:0:727844272',2,1,1752313131),
(1804,'STEAM_1:0:727844272',3,6,1752313142),
(1805,'STEAM_1:0:727844272',2,1,1752313144),
(1806,'STEAM_1:0:727844272',2,1,1752313144),
(1807,'STEAM_1:0:727844272',8,2,1752313159),
(1808,'STEAM_1:0:727844272',2,1,1752313159),
(1809,'STEAM_1:0:727844272',2,1,1752313159),
(1810,'STEAM_1:0:727844272',8,2,1752313162),
(1811,'STEAM_1:0:727844272',2,1,1752313162),
(1812,'STEAM_1:0:727844272',8,2,1752313162),
(1813,'STEAM_1:0:727844272',2,1,1752313162),
(1814,'STEAM_1:0:727844272',2,1,1752313162),
(1815,'STEAM_1:0:727844272',2,1,1752313164),
(1816,'STEAM_1:0:727844272',2,1,1752313164),
(1817,'STEAM_1:0:727844272',2,1,1752313164),
(1818,'STEAM_1:0:727844272',2,1,1752313164),
(1819,'STEAM_1:0:727844272',8,2,1752313165),
(1820,'STEAM_1:0:727844272',2,1,1752313165),
(1821,'STEAM_1:0:727844272',8,2,1752313166),
(1822,'STEAM_1:0:727844272',2,1,1752313166),
(1823,'STEAM_1:0:727844272',2,1,1752313166),
(1824,'STEAM_1:0:727844272',2,1,1752313168),
(1825,'STEAM_1:0:727844272',8,2,1752313171),
(1826,'STEAM_1:0:727844272',2,1,1752313171),
(1827,'STEAM_1:0:727844272',8,2,1752313173),
(1828,'STEAM_1:0:727844272',2,1,1752313173),
(1829,'STEAM_1:0:727844272',2,1,1752313175),
(1830,'STEAM_1:0:727844272',2,1,1752313175),
(1831,'STEAM_1:0:727844272',2,1,1752313200),
(1832,'STEAM_1:0:727844272',8,2,1752313200),
(1833,'STEAM_1:0:727844272',2,1,1752313200),
(1834,'STEAM_1:0:727844272',2,1,1752313200),
(1835,'STEAM_1:0:727844272',2,1,1752313200),
(1836,'STEAM_1:0:727844272',2,1,1752313201),
(1837,'STEAM_1:0:727844272',2,1,1752313203),
(1838,'STEAM_1:0:727844272',2,1,1752313203),
(1839,'STEAM_1:0:727844272',2,1,1752313207),
(1840,'STEAM_1:0:727844272',2,1,1752313210),
(1841,'STEAM_1:0:727844272',3,6,1752313220),
(1842,'STEAM_1:0:727844272',3,6,1752313224),
(1843,'STEAM_1:0:727844272',2,1,1752313231),
(1844,'STEAM_1:0:727844272',2,1,1752313233),
(1845,'STEAM_1:0:727844272',2,1,1752313237),
(1846,'STEAM_1:0:727844272',2,1,1752313244),
(1847,'STEAM_1:0:727844272',2,1,1752313251),
(1848,'STEAM_1:0:727844272',2,1,1752313251),
(1849,'STEAM_1:0:727844272',2,1,1752313257),
(1850,'STEAM_1:0:727844272',4,24,1752313263),
(1851,'STEAM_1:1:50902447',3,6,1752313179),
(1852,'STEAM_1:1:50902447',2,1,1752313193),
(1853,'STEAM_1:1:50902447',2,1,1752313195),
(1854,'STEAM_1:1:50902447',2,1,1752313195),
(1855,'STEAM_1:1:50902447',2,1,1752313195),
(1856,'STEAM_1:1:50902447',2,1,1752313195),
(1857,'STEAM_1:1:50902447',2,1,1752313198),
(1858,'STEAM_1:1:50902447',2,1,1752313204),
(1859,'STEAM_1:1:50902447',3,6,1752313215),
(1860,'STEAM_1:1:50902447',8,2,1752313231),
(1861,'STEAM_1:1:50902447',2,1,1752313231),
(1862,'STEAM_1:1:50902447',2,1,1752313234),
(1863,'STEAM_1:1:50902447',2,1,1752313237),
(1864,'STEAM_1:1:50902447',2,1,1752313237),
(1865,'STEAM_1:1:50902447',2,1,1752313242),
(1866,'STEAM_1:1:50902447',9,-20,1752313244),
(1867,'STEAM_1:1:50902447',2,1,1752313245),
(1868,'STEAM_1:1:50902447',3,6,1752313247),
(1869,'STEAM_1:1:50902447',2,1,1752313247),
(1870,'STEAM_1:1:50902447',2,1,1752313256),
(1871,'STEAM_1:1:50902447',8,2,1752313257),
(1872,'STEAM_1:1:50902447',2,1,1752313257),
(1873,'STEAM_1:1:50902447',2,1,1752313257),
(1874,'STEAM_1:1:50902447',2,1,1752313257),
(1875,'STEAM_1:1:50902447',2,1,1752313257),
(1876,'STEAM_1:1:50902447',2,1,1752313260),
(1877,'STEAM_1:1:50902447',4,64,1752313263),
(1878,'STEAM_1:1:50902447',2,1,1752313264),
(1879,'STEAM_1:1:50902447',2,1,1752313264),
(1880,'STEAM_1:1:50902447',2,1,1752313265),
(1881,'STEAM_1:1:50902447',2,1,1752313265),
(1882,'STEAM_1:1:50902447',2,1,1752313265),
(1883,'STEAM_1:1:50902447',2,1,1752313265),
(1884,'STEAM_1:1:50902447',2,1,1752313268),
(1885,'STEAM_1:1:50902447',3,6,1752313268),
(1886,'STEAM_1:1:50902447',3,6,1752313270),
(1887,'STEAM_1:1:50902447',11,25,1752313278),
(1888,'STEAM_1:1:50902447',2,1,1752313279),
(1889,'STEAM_1:1:50902447',10,50,1752313289),
(1890,'STEAM_1:1:50902447',3,6,1752313291),
(1891,'STEAM_1:1:50902447',2,1,1752313295),
(1892,'STEAM_1:1:50902447',2,1,1752313295),
(1893,'STEAM_1:1:50902447',2,1,1752313296),
(1894,'STEAM_1:1:50902447',2,1,1752313296),
(1895,'STEAM_1:1:50902447',2,1,1752313298),
(1896,'STEAM_1:1:50902447',2,1,1752313298),
(1897,'STEAM_1:1:42077851',3,6,1752313096),
(1898,'STEAM_1:1:42077851',3,6,1752313099),
(1899,'STEAM_1:1:42077851',2,1,1752313105),
(1900,'STEAM_1:1:42077851',2,1,1752313110),
(1901,'STEAM_1:1:42077851',2,1,1752313112),
(1902,'STEAM_1:1:42077851',2,1,1752313113),
(1903,'STEAM_1:1:42077851',2,1,1752313113),
(1904,'STEAM_1:1:42077851',2,1,1752313125),
(1905,'STEAM_1:1:42077851',2,1,1752313125),
(1906,'STEAM_1:1:42077851',2,1,1752313126),
(1907,'STEAM_1:1:42077851',2,1,1752313126),
(1908,'STEAM_1:1:42077851',2,1,1752313127),
(1909,'STEAM_1:1:42077851',2,1,1752313127),
(1910,'STEAM_1:1:42077851',2,1,1752313127),
(1911,'STEAM_1:1:42077851',2,1,1752313127),
(1912,'STEAM_1:1:42077851',2,1,1752313128),
(1913,'STEAM_1:1:42077851',2,1,1752313128),
(1914,'STEAM_1:1:42077851',2,1,1752313128),
(1915,'STEAM_1:1:42077851',2,1,1752313128),
(1916,'STEAM_1:1:42077851',2,1,1752313128),
(1917,'STEAM_1:1:42077851',2,1,1752313128),
(1918,'STEAM_1:1:42077851',2,1,1752313131),
(1919,'STEAM_1:1:42077851',2,1,1752313131),
(1920,'STEAM_1:1:42077851',2,1,1752313131),
(1921,'STEAM_1:1:42077851',2,1,1752313131),
(1922,'STEAM_1:1:42077851',2,1,1752313132),
(1923,'STEAM_1:1:42077851',2,1,1752313133),
(1924,'STEAM_1:1:42077851',2,1,1752313133),
(1925,'STEAM_1:1:42077851',2,1,1752313133),
(1926,'STEAM_1:1:42077851',3,6,1752313155),
(1927,'STEAM_1:1:42077851',2,1,1752313157),
(1928,'STEAM_1:1:42077851',2,1,1752313157),
(1929,'STEAM_1:1:42077851',2,1,1752313157),
(1930,'STEAM_1:1:42077851',2,1,1752313160),
(1931,'STEAM_1:1:42077851',2,1,1752313160),
(1932,'STEAM_1:1:42077851',2,1,1752313160),
(1933,'STEAM_1:1:42077851',2,1,1752313171),
(1934,'STEAM_1:1:42077851',2,1,1752313184),
(1935,'STEAM_1:1:42077851',2,1,1752313184),
(1936,'STEAM_1:1:42077851',9,-20,1752313184),
(1937,'STEAM_1:1:42077851',2,1,1752313184),
(1938,'STEAM_1:1:42077851',3,6,1752313194),
(1939,'STEAM_1:1:42077851',2,1,1752313195),
(1940,'STEAM_1:1:42077851',2,1,1752313195),
(1941,'STEAM_1:1:42077851',9,-10,1752313196),
(1942,'STEAM_1:1:42077851',2,1,1752313196),
(1943,'STEAM_1:1:42077851',2,1,1752313196),
(1944,'STEAM_1:1:42077851',8,2,1752313211),
(1945,'STEAM_1:1:42077851',2,1,1752313211),
(1946,'STEAM_1:1:42077851',10,50,1752313236),
(1947,'STEAM_1:1:42077851',2,1,1752313239),
(1948,'STEAM_1:1:42077851',8,2,1752313239),
(1949,'STEAM_1:1:42077851',2,1,1752313239),
(1950,'STEAM_1:1:42077851',2,1,1752313240),
(1951,'STEAM_1:1:42077851',2,1,1752313240),
(1952,'STEAM_1:1:42077851',2,1,1752313244),
(1953,'STEAM_1:1:42077851',2,1,1752313244),
(1954,'STEAM_1:1:42077851',2,1,1752313244),
(1955,'STEAM_1:1:42077851',2,1,1752313244),
(1956,'STEAM_1:1:42077851',2,1,1752313245),
(1957,'STEAM_1:1:42077851',2,1,1752313245),
(1958,'STEAM_1:1:42077851',2,1,1752313251),
(1959,'STEAM_1:1:42077851',2,1,1752313251),
(1960,'STEAM_1:1:42077851',2,1,1752313251),
(1961,'STEAM_1:1:42077851',2,1,1752313251),
(1962,'STEAM_1:1:42077851',2,1,1752313251),
(1963,'STEAM_1:1:42077851',2,1,1752313251),
(1964,'STEAM_1:1:42077851',2,1,1752313251),
(1965,'STEAM_1:1:42077851',2,1,1752313251),
(1966,'STEAM_1:1:42077851',4,1,1752313263),
(1967,'STEAM_1:1:42077851',3,6,1752313264),
(1968,'STEAM_1:1:42077851',2,1,1752313264),
(1969,'STEAM_1:1:42077851',9,0,1752313295),
(1970,'STEAM_1:1:42077851',2,1,1752313295),
(1971,'STEAM_1:0:77194684',2,1,1752313071),
(1972,'STEAM_1:0:77194684',2,1,1752313073),
(1973,'STEAM_1:0:77194684',2,1,1752313075),
(1974,'STEAM_1:0:77194684',2,1,1752313080),
(1975,'STEAM_1:0:77194684',2,1,1752313082),
(1976,'STEAM_1:0:77194684',3,6,1752313085),
(1977,'STEAM_1:0:77194684',8,2,1752313089),
(1978,'STEAM_1:0:77194684',2,1,1752313089),
(1979,'STEAM_1:0:77194684',3,6,1752313093),
(1980,'STEAM_1:0:77194684',3,6,1752313093),
(1981,'STEAM_1:0:77194684',9,-10,1752313094),
(1982,'STEAM_1:0:77194684',9,-10,1752313094),
(1983,'STEAM_1:0:77194684',9,-10,1752313094),
(1984,'STEAM_1:0:77194684',3,6,1752313102),
(1985,'STEAM_1:0:77194684',2,1,1752313105),
(1986,'STEAM_1:0:77194684',8,2,1752313106),
(1987,'STEAM_1:0:77194684',2,1,1752313106),
(1988,'STEAM_1:0:77194684',2,1,1752313114),
(1989,'STEAM_1:0:77194684',8,2,1752313114),
(1990,'STEAM_1:0:77194684',2,1,1752313114),
(1991,'STEAM_1:0:77194684',3,6,1752313119),
(1992,'STEAM_1:0:77194684',3,6,1752313132),
(1993,'STEAM_1:0:77194684',3,6,1752313133),
(1994,'STEAM_1:0:77194684',8,2,1752313151),
(1995,'STEAM_1:0:77194684',2,1,1752313151),
(1996,'STEAM_1:0:77194684',2,1,1752313162),
(1997,'STEAM_1:0:77194684',2,1,1752313164),
(1998,'STEAM_1:0:77194684',2,1,1752313166),
(1999,'STEAM_1:0:77194684',2,1,1752313169),
(2000,'STEAM_1:0:77194684',8,2,1752313170),
(2001,'STEAM_1:0:77194684',2,1,1752313170),
(2002,'STEAM_1:0:77194684',2,1,1752313172),
(2003,'STEAM_1:0:77194684',3,6,1752313173),
(2004,'STEAM_1:0:77194684',3,6,1752313185),
(2005,'STEAM_1:0:77194684',3,6,1752313187),
(2006,'STEAM_1:0:77194684',2,1,1752313189),
(2007,'STEAM_1:0:77194684',2,1,1752313189),
(2008,'STEAM_1:0:77194684',3,6,1752313189),
(2009,'STEAM_1:0:77194684',2,1,1752313191),
(2010,'STEAM_1:0:77194684',2,1,1752313192),
(2011,'STEAM_1:0:77194684',2,1,1752313196),
(2012,'STEAM_1:0:77194684',9,-10,1752313198),
(2013,'STEAM_1:0:77194684',2,1,1752313198),
(2014,'STEAM_1:0:77194684',9,-10,1752313199),
(2015,'STEAM_1:0:77194684',2,1,1752313199),
(2016,'STEAM_1:0:77194684',9,-10,1752313199),
(2017,'STEAM_1:0:77194684',2,1,1752313199),
(2018,'STEAM_1:0:77194684',2,1,1752313200),
(2019,'STEAM_1:0:77194684',2,1,1752313200),
(2020,'STEAM_1:0:77194684',2,1,1752313200),
(2021,'STEAM_1:0:77194684',8,2,1752313201),
(2022,'STEAM_1:0:77194684',2,1,1752313201),
(2023,'STEAM_1:0:77194684',2,1,1752313201),
(2024,'STEAM_1:0:77194684',2,1,1752313201),
(2025,'STEAM_1:0:77194684',8,2,1752313202),
(2026,'STEAM_1:0:77194684',2,1,1752313202),
(2027,'STEAM_1:0:77194684',8,2,1752313203),
(2028,'STEAM_1:0:77194684',2,1,1752313203),
(2029,'STEAM_1:0:77194684',2,1,1752313204),
(2030,'STEAM_1:0:77194684',2,1,1752313204),
(2031,'STEAM_1:0:77194684',11,25,1752313212),
(2032,'STEAM_1:0:77194684',3,6,1752313225),
(2033,'STEAM_1:0:77194684',2,1,1752313233),
(2034,'STEAM_1:0:77194684',8,2,1752313238),
(2035,'STEAM_1:0:77194684',2,1,1752313238),
(2036,'STEAM_1:0:77194684',2,1,1752313247),
(2037,'STEAM_1:0:77194684',2,1,1752313247),
(2038,'STEAM_1:0:77194684',2,1,1752313247),
(2039,'STEAM_1:0:77194684',2,1,1752313247),
(2040,'STEAM_1:0:77194684',4,11,1752313263),
(2041,'STEAM_1:0:727844272',8,2,1752317940),
(2042,'STEAM_1:0:727844272',2,1,1752317940),
(2043,'STEAM_1:0:727844272',2,1,1752317962),
(2044,'STEAM_1:0:727844272',2,1,1752317963),
(2045,'STEAM_1:0:727844272',2,1,1752317964),
(2046,'STEAM_1:0:727844272',2,1,1752317964),
(2047,'STEAM_1:0:727844272',2,1,1752317965),
(2048,'STEAM_1:0:727844272',2,1,1752317980),
(2049,'STEAM_1:0:727844272',2,1,1752317980),
(2050,'STEAM_1:0:727844272',2,1,1752317982),
(2051,'STEAM_1:0:727844272',2,1,1752317983),
(2052,'STEAM_1:0:727844272',2,1,1752317998),
(2053,'STEAM_1:0:727844272',2,1,1752318007),
(2054,'STEAM_1:0:727844272',2,1,1752318018),
(2055,'STEAM_1:0:727844272',2,1,1752318019),
(2056,'STEAM_1:0:727844272',2,1,1752318022),
(2057,'STEAM_1:0:727844272',2,1,1752318025),
(2058,'STEAM_1:0:727844272',2,1,1752318026),
(2059,'STEAM_1:0:727844272',2,1,1752318036),
(2060,'STEAM_1:0:727844272',2,1,1752318036),
(2061,'STEAM_1:0:727844272',2,1,1752318038),
(2062,'STEAM_1:0:727844272',8,2,1752318054),
(2063,'STEAM_1:0:727844272',2,1,1752318054),
(2064,'STEAM_1:0:727844272',2,1,1752318065),
(2065,'STEAM_1:0:727844272',2,1,1752318066),
(2066,'STEAM_1:0:727844272',2,1,1752318066),
(2067,'STEAM_1:0:727844272',2,1,1752318072),
(2068,'STEAM_1:0:727844272',2,1,1752318073),
(2069,'STEAM_1:0:727844272',2,1,1752318075),
(2070,'STEAM_1:0:727844272',2,1,1752318082),
(2071,'STEAM_1:0:727844272',2,1,1752318083),
(2072,'STEAM_1:0:727844272',2,1,1752318083),
(2073,'STEAM_1:0:727844272',2,1,1752318084),
(2074,'STEAM_1:0:727844272',2,1,1752318085),
(2075,'STEAM_1:0:727844272',2,1,1752318086),
(2076,'STEAM_1:0:727844272',2,1,1752318094),
(2077,'STEAM_1:0:727844272',2,1,1752318095),
(2078,'STEAM_1:0:727844272',2,1,1752318097),
(2079,'STEAM_1:0:727844272',2,1,1752318097),
(2080,'STEAM_1:0:727844272',2,1,1752318097),
(2081,'STEAM_1:0:727844272',2,1,1752318101),
(2082,'STEAM_1:0:727844272',2,1,1752318101),
(2083,'STEAM_1:0:727844272',2,1,1752318109),
(2084,'STEAM_1:0:727844272',2,1,1752318114),
(2085,'STEAM_1:0:727844272',2,1,1752318114),
(2086,'STEAM_1:0:727844272',2,1,1752318118),
(2087,'STEAM_1:0:727844272',8,2,1752318119),
(2088,'STEAM_1:0:727844272',2,1,1752318119),
(2089,'STEAM_1:0:727844272',2,1,1752318120),
(2090,'STEAM_1:0:727844272',2,1,1752318120),
(2091,'STEAM_1:0:727844272',2,1,1752318120),
(2092,'STEAM_1:0:727844272',2,1,1752318121),
(2093,'STEAM_1:0:727844272',2,1,1752318126),
(2094,'STEAM_1:0:727844272',3,6,1752318126),
(2095,'STEAM_1:0:727844272',2,1,1752318126),
(2096,'STEAM_1:0:727844272',2,1,1752318144),
(2097,'STEAM_1:0:727844272',9,-10,1752318144),
(2098,'STEAM_1:1:50902447',10,50,1752317937),
(2099,'STEAM_1:1:50902447',2,1,1752317985),
(2100,'STEAM_1:1:50902447',2,1,1752318000),
(2101,'STEAM_1:1:50902447',2,1,1752318095),
(2102,'STEAM_1:1:50902447',2,1,1752318095),
(2103,'STEAM_1:1:50902447',2,1,1752318095),
(2104,'STEAM_1:1:50902447',2,1,1752318095),
(2105,'STEAM_1:1:50902447',2,1,1752318095),
(2106,'STEAM_1:1:50902447',2,1,1752318095),
(2107,'STEAM_1:1:50902447',2,1,1752318099),
(2108,'STEAM_1:1:50902447',2,1,1752318101),
(2109,'STEAM_1:1:50902447',2,1,1752318102),
(2110,'STEAM_1:1:50902447',9,-10,1752318102),
(2111,'STEAM_1:1:50902447',9,-10,1752318102),
(2112,'STEAM_1:1:50902447',9,-10,1752318102),
(2113,'STEAM_1:1:50902447',2,1,1752318109),
(2114,'STEAM_1:1:50902447',2,1,1752318109),
(2115,'STEAM_1:1:50902447',2,1,1752318110),
(2116,'STEAM_1:1:50902447',2,1,1752318111),
(2117,'STEAM_1:1:50902447',2,1,1752318128),
(2118,'STEAM_1:1:50902447',2,1,1752318148),
(2119,'STEAM_1:1:50902447',2,1,1752318149),
(2120,'STEAM_1:1:50902447',2,1,1752318149),
(2121,'STEAM_1:1:42077851',2,1,1752317983),
(2122,'STEAM_1:1:42077851',2,1,1752318000),
(2123,'STEAM_1:1:42077851',2,1,1752318008),
(2124,'STEAM_1:1:42077851',8,2,1752318020),
(2125,'STEAM_1:1:42077851',2,1,1752318020),
(2126,'STEAM_1:1:42077851',2,1,1752318024),
(2127,'STEAM_1:1:42077851',2,1,1752318030),
(2128,'STEAM_1:1:42077851',2,1,1752318085),
(2129,'STEAM_1:1:42077851',2,1,1752318086),
(2130,'STEAM_1:1:42077851',2,1,1752318087),
(2131,'STEAM_1:1:42077851',2,1,1752318088),
(2132,'STEAM_1:1:42077851',2,1,1752318088),
(2133,'STEAM_1:1:42077851',2,1,1752318090),
(2134,'STEAM_1:1:42077851',2,1,1752318090),
(2135,'STEAM_1:1:42077851',2,1,1752318090),
(2136,'STEAM_1:1:42077851',2,1,1752318090),
(2137,'STEAM_1:1:42077851',2,1,1752318091),
(2138,'STEAM_1:1:42077851',2,1,1752318091),
(2139,'STEAM_1:1:42077851',2,1,1752318091),
(2140,'STEAM_1:1:42077851',2,1,1752318091),
(2141,'STEAM_1:1:42077851',2,1,1752318091),
(2142,'STEAM_1:1:42077851',2,1,1752318092),
(2143,'STEAM_1:1:42077851',2,1,1752318092),
(2144,'STEAM_1:1:42077851',2,1,1752318106),
(2145,'STEAM_1:1:42077851',2,1,1752318106),
(2146,'STEAM_1:1:42077851',8,2,1752318126),
(2147,'STEAM_1:1:42077851',2,1,1752318126),
(2148,'STEAM_1:0:77194684',13,20,1752317932),
(2149,'STEAM_1:0:77194684',10,50,1752317951),
(2150,'STEAM_1:0:77194684',2,1,1752317960),
(2151,'STEAM_1:0:77194684',2,1,1752317962),
(2152,'STEAM_1:0:77194684',2,1,1752317968),
(2153,'STEAM_1:0:77194684',2,1,1752317972),
(2154,'STEAM_1:0:77194684',2,1,1752317973),
(2155,'STEAM_1:0:77194684',2,1,1752317973),
(2156,'STEAM_1:0:77194684',2,1,1752317974),
(2157,'STEAM_1:0:77194684',2,1,1752317978),
(2158,'STEAM_1:0:77194684',2,1,1752317980),
(2159,'STEAM_1:0:77194684',2,1,1752317992),
(2160,'STEAM_1:0:77194684',2,1,1752317995),
(2161,'STEAM_1:0:77194684',2,1,1752317996),
(2162,'STEAM_1:0:77194684',2,1,1752318016),
(2163,'STEAM_1:0:77194684',8,2,1752318021),
(2164,'STEAM_1:0:77194684',2,1,1752318021),
(2165,'STEAM_1:0:77194684',2,1,1752318026),
(2166,'STEAM_1:0:77194684',2,1,1752318029),
(2167,'STEAM_1:0:77194684',2,1,1752318084),
(2168,'STEAM_1:0:77194684',2,1,1752318086),
(2169,'STEAM_1:0:77194684',2,1,1752318087),
(2170,'STEAM_1:0:77194684',2,1,1752318089),
(2171,'STEAM_1:0:77194684',8,2,1752318098),
(2172,'STEAM_1:0:77194684',2,1,1752318098),
(2173,'STEAM_1:0:77194684',8,2,1752318098),
(2174,'STEAM_1:0:77194684',2,1,1752318098),
(2175,'STEAM_1:0:77194684',2,1,1752318099),
(2176,'STEAM_1:0:77194684',3,6,1752318099),
(2177,'STEAM_1:0:77194684',2,1,1752318102),
(2178,'STEAM_1:0:77194684',2,1,1752318104),
(2179,'STEAM_1:0:77194684',2,1,1752318104),
(2180,'STEAM_1:0:77194684',2,1,1752318107),
(2181,'STEAM_1:0:77194684',2,1,1752318107),
(2182,'STEAM_1:0:77194684',2,1,1752318110),
(2183,'STEAM_1:0:77194684',2,1,1752318110),
(2184,'STEAM_1:0:77194684',2,1,1752318110),
(2185,'STEAM_1:0:77194684',2,1,1752318110),
(2186,'STEAM_1:0:77194684',2,1,1752318117),
(2187,'STEAM_1:0:77194684',2,1,1752318117),
(2188,'STEAM_1:0:77194684',2,1,1752318122),
(2189,'STEAM_1:0:77194684',2,1,1752318122),
(2190,'STEAM_1:0:77194684',2,1,1752318124),
(2191,'STEAM_1:0:77194684',2,1,1752318128),
(2192,'STEAM_1:0:77194684',2,1,1752318128),
(2193,'STEAM_1:0:77194684',3,6,1752318134),
(2194,'STEAM_1:0:77194684',3,6,1752318138),
(2195,'STEAM_1:0:727844272',2,1,1752318302),
(2196,'STEAM_1:0:727844272',2,1,1752318307),
(2197,'STEAM_1:0:727844272',2,1,1752318308),
(2198,'STEAM_1:0:727844272',2,1,1752318310),
(2199,'STEAM_1:0:727844272',2,1,1752318314),
(2200,'STEAM_1:0:727844272',2,1,1752318317),
(2201,'STEAM_1:0:727844272',2,1,1752318317),
(2202,'STEAM_1:0:727844272',2,1,1752318317),
(2203,'STEAM_1:0:727844272',2,1,1752318326),
(2204,'STEAM_1:0:727844272',2,1,1752318362),
(2205,'STEAM_1:0:727844272',2,1,1752318367),
(2206,'STEAM_1:0:727844272',2,1,1752318373),
(2207,'STEAM_1:0:727844272',2,1,1752318376),
(2208,'STEAM_1:0:727844272',2,1,1752318376),
(2209,'STEAM_1:0:727844272',2,1,1752318386),
(2210,'STEAM_1:0:727844272',2,1,1752318388),
(2211,'STEAM_1:0:727844272',2,1,1752318388),
(2212,'STEAM_1:0:727844272',2,1,1752318390),
(2213,'STEAM_1:0:727844272',2,1,1752318392),
(2214,'STEAM_1:0:727844272',2,1,1752318396),
(2215,'STEAM_1:0:727844272',2,1,1752318400),
(2216,'STEAM_1:0:727844272',2,1,1752318402),
(2217,'STEAM_1:0:727844272',2,1,1752318403),
(2218,'STEAM_1:0:727844272',2,1,1752318404),
(2219,'STEAM_1:0:727844272',2,1,1752318404),
(2220,'STEAM_1:0:727844272',2,1,1752318404),
(2221,'STEAM_1:0:727844272',2,1,1752318406),
(2222,'STEAM_1:0:727844272',2,1,1752318410),
(2223,'STEAM_1:0:727844272',2,1,1752318410),
(2224,'STEAM_1:0:727844272',2,1,1752318412),
(2225,'STEAM_1:0:727844272',2,1,1752318412),
(2226,'STEAM_1:0:727844272',2,1,1752318414),
(2227,'STEAM_1:0:727844272',2,1,1752318418),
(2228,'STEAM_1:0:727844272',2,1,1752318424),
(2229,'STEAM_1:0:727844272',2,1,1752318430),
(2230,'STEAM_1:0:727844272',2,1,1752318431),
(2231,'STEAM_1:0:727844272',2,1,1752318432),
(2232,'STEAM_1:0:727844272',2,1,1752318433),
(2233,'STEAM_1:0:727844272',2,1,1752318439),
(2234,'STEAM_1:0:727844272',2,1,1752318441),
(2235,'STEAM_1:0:727844272',2,1,1752318442),
(2236,'STEAM_1:0:727844272',2,1,1752318442),
(2237,'STEAM_1:0:727844272',2,1,1752318447),
(2238,'STEAM_1:0:727844272',2,1,1752318447),
(2239,'STEAM_1:0:727844272',2,1,1752318454),
(2240,'STEAM_1:0:727844272',2,1,1752318455),
(2241,'STEAM_1:0:727844272',3,6,1752318457),
(2242,'STEAM_1:0:727844272',2,1,1752318459),
(2243,'STEAM_1:0:727844272',2,1,1752318465),
(2244,'STEAM_1:0:727844272',2,1,1752318493),
(2245,'STEAM_1:0:727844272',2,1,1752318493),
(2246,'STEAM_1:0:727844272',2,1,1752318506),
(2247,'STEAM_1:0:727844272',2,1,1752318516),
(2248,'STEAM_1:0:727844272',2,1,1752318526),
(2249,'STEAM_1:0:727844272',8,2,1752318526),
(2250,'STEAM_1:0:727844272',2,1,1752318526),
(2251,'STEAM_1:0:727844272',8,2,1752318528),
(2252,'STEAM_1:0:727844272',2,1,1752318528),
(2253,'STEAM_1:0:727844272',2,1,1752318529),
(2254,'STEAM_1:0:727844272',2,1,1752318530),
(2255,'STEAM_1:0:727844272',8,2,1752318530),
(2256,'STEAM_1:0:727844272',2,1,1752318530),
(2257,'STEAM_1:0:727844272',8,2,1752318539),
(2258,'STEAM_1:0:727844272',2,1,1752318539),
(2259,'STEAM_1:0:727844272',2,1,1752318539),
(2260,'STEAM_1:0:727844272',2,1,1752318555),
(2261,'STEAM_1:0:727844272',2,1,1752318555),
(2262,'STEAM_1:0:727844272',2,1,1752318565),
(2263,'STEAM_1:0:727844272',8,2,1752318567),
(2264,'STEAM_1:0:727844272',2,1,1752318567),
(2265,'STEAM_1:0:727844272',2,1,1752318569),
(2266,'STEAM_1:0:727844272',8,2,1752318582),
(2267,'STEAM_1:0:727844272',2,1,1752318582),
(2268,'STEAM_1:0:727844272',2,1,1752318585),
(2269,'STEAM_1:0:727844272',2,1,1752318585),
(2270,'STEAM_1:0:727844272',2,1,1752318585),
(2271,'STEAM_1:0:727844272',2,1,1752318585),
(2272,'STEAM_1:0:727844272',8,2,1752318586),
(2273,'STEAM_1:0:727844272',2,1,1752318586),
(2274,'STEAM_1:0:727844272',3,6,1752318589),
(2275,'STEAM_1:0:727844272',2,1,1752318625),
(2276,'STEAM_1:0:727844272',2,1,1752318625),
(2277,'STEAM_1:0:727844272',3,6,1752318628),
(2278,'STEAM_1:0:727844272',2,1,1752318633),
(2279,'STEAM_1:0:727844272',2,1,1752318639),
(2280,'STEAM_1:0:727844272',4,3,1752318672),
(2281,'STEAM_1:0:727844272',2,1,1752318701),
(2282,'STEAM_1:0:727844272',2,1,1752318702),
(2283,'STEAM_1:0:727844272',2,1,1752318703),
(2284,'STEAM_1:0:727844272',2,1,1752318738),
(2285,'STEAM_1:0:727844272',2,1,1752318745),
(2286,'STEAM_1:0:727844272',2,1,1752318745),
(2287,'STEAM_1:0:727844272',2,1,1752318745),
(2288,'STEAM_1:0:727844272',2,1,1752318745),
(2289,'STEAM_1:0:727844272',2,1,1752318746),
(2290,'STEAM_1:0:727844272',2,1,1752318746),
(2291,'STEAM_1:0:727844272',2,1,1752318746),
(2292,'STEAM_1:0:727844272',2,1,1752318746),
(2293,'STEAM_1:0:727844272',2,1,1752318746),
(2294,'STEAM_1:0:727844272',2,1,1752318753),
(2295,'STEAM_1:0:727844272',2,1,1752318757),
(2296,'STEAM_1:0:727844272',2,1,1752318757),
(2297,'STEAM_1:1:42077851',2,1,1752318340),
(2298,'STEAM_1:1:42077851',2,1,1752318342),
(2299,'STEAM_1:1:42077851',2,1,1752318344),
(2300,'STEAM_1:1:42077851',8,2,1752318346),
(2301,'STEAM_1:1:42077851',2,1,1752318346),
(2302,'STEAM_1:1:42077851',2,1,1752318349),
(2303,'STEAM_1:1:42077851',2,1,1752318349),
(2304,'STEAM_1:1:42077851',2,1,1752318350),
(2305,'STEAM_1:1:42077851',2,1,1752318350),
(2306,'STEAM_1:1:42077851',2,1,1752318354),
(2307,'STEAM_1:1:42077851',2,1,1752318356),
(2308,'STEAM_1:1:42077851',2,1,1752318358),
(2309,'STEAM_1:1:42077851',2,1,1752318358),
(2310,'STEAM_1:1:42077851',8,2,1752318358),
(2311,'STEAM_1:1:42077851',2,1,1752318358),
(2312,'STEAM_1:1:42077851',2,1,1752318359),
(2313,'STEAM_1:1:42077851',2,1,1752318359),
(2314,'STEAM_1:1:42077851',2,1,1752318359),
(2315,'STEAM_1:1:42077851',2,1,1752318360),
(2316,'STEAM_1:1:42077851',8,2,1752318363),
(2317,'STEAM_1:1:42077851',2,1,1752318363),
(2318,'STEAM_1:1:42077851',2,1,1752318365),
(2319,'STEAM_1:1:42077851',2,1,1752318365),
(2320,'STEAM_1:1:42077851',2,1,1752318366),
(2321,'STEAM_1:1:42077851',2,1,1752318366),
(2322,'STEAM_1:1:42077851',2,1,1752318367),
(2323,'STEAM_1:1:42077851',2,1,1752318367),
(2324,'STEAM_1:1:42077851',2,1,1752318408),
(2325,'STEAM_1:1:42077851',11,25,1752318432),
(2326,'STEAM_1:1:42077851',9,-10,1752318444),
(2327,'STEAM_1:1:42077851',9,-10,1752318444),
(2328,'STEAM_1:1:42077851',9,-10,1752318444),
(2329,'STEAM_1:1:42077851',2,1,1752318457),
(2330,'STEAM_1:1:42077851',2,1,1752318457),
(2331,'STEAM_1:1:42077851',2,1,1752318457),
(2332,'STEAM_1:1:42077851',2,1,1752318457),
(2333,'STEAM_1:1:42077851',2,1,1752318457),
(2334,'STEAM_1:1:42077851',8,2,1752318467),
(2335,'STEAM_1:1:42077851',2,1,1752318467),
(2336,'STEAM_1:1:42077851',2,1,1752318469),
(2337,'STEAM_1:1:42077851',2,1,1752318470),
(2338,'STEAM_1:1:42077851',8,2,1752318471),
(2339,'STEAM_1:1:42077851',2,1,1752318471),
(2340,'STEAM_1:1:42077851',8,2,1752318476),
(2341,'STEAM_1:1:42077851',2,1,1752318476),
(2342,'STEAM_1:1:42077851',3,6,1752318485),
(2343,'STEAM_1:1:42077851',2,1,1752318490),
(2344,'STEAM_1:1:42077851',2,1,1752318490),
(2345,'STEAM_1:1:42077851',2,1,1752318490),
(2346,'STEAM_1:1:42077851',2,1,1752318493),
(2347,'STEAM_1:1:42077851',2,1,1752318496),
(2348,'STEAM_1:1:42077851',2,1,1752318497),
(2349,'STEAM_1:1:42077851',10,50,1752318524),
(2350,'STEAM_1:1:42077851',3,6,1752318543),
(2351,'STEAM_1:1:42077851',3,6,1752318550),
(2352,'STEAM_1:1:42077851',2,1,1752318551),
(2353,'STEAM_1:1:42077851',2,1,1752318556),
(2354,'STEAM_1:1:42077851',2,1,1752318557),
(2355,'STEAM_1:1:42077851',8,2,1752318558),
(2356,'STEAM_1:1:42077851',2,1,1752318558),
(2357,'STEAM_1:1:42077851',2,1,1752318559),
(2358,'STEAM_1:1:42077851',2,1,1752318561),
(2359,'STEAM_1:1:42077851',2,1,1752318561),
(2360,'STEAM_1:1:42077851',2,1,1752318567),
(2361,'STEAM_1:1:42077851',8,2,1752318568),
(2362,'STEAM_1:1:42077851',2,1,1752318568),
(2363,'STEAM_1:1:42077851',2,1,1752318569),
(2364,'STEAM_1:1:42077851',8,2,1752318570),
(2365,'STEAM_1:1:42077851',2,1,1752318570),
(2366,'STEAM_1:1:42077851',2,1,1752318589),
(2367,'STEAM_1:1:42077851',2,1,1752318589),
(2368,'STEAM_1:1:42077851',8,2,1752318593),
(2369,'STEAM_1:1:42077851',2,1,1752318593),
(2370,'STEAM_1:1:42077851',2,1,1752318607),
(2371,'STEAM_1:1:42077851',2,1,1752318607),
(2372,'STEAM_1:1:42077851',2,1,1752318607),
(2373,'STEAM_1:1:42077851',2,1,1752318607),
(2374,'STEAM_1:1:42077851',2,1,1752318607),
(2375,'STEAM_1:1:42077851',2,1,1752318607),
(2376,'STEAM_1:1:42077851',2,1,1752318607),
(2377,'STEAM_1:1:42077851',9,-10,1752318612),
(2378,'STEAM_1:1:42077851',9,-10,1752318612),
(2379,'STEAM_1:1:42077851',9,-10,1752318612),
(2380,'STEAM_1:1:42077851',9,-10,1752318612),
(2381,'STEAM_1:1:42077851',9,-10,1752318612),
(2382,'STEAM_1:1:42077851',9,-10,1752318612),
(2383,'STEAM_1:1:42077851',9,-10,1752318612),
(2384,'STEAM_1:1:42077851',2,1,1752318641),
(2385,'STEAM_1:1:42077851',3,6,1752318647),
(2386,'STEAM_1:1:42077851',2,1,1752318647),
(2387,'STEAM_1:1:42077851',2,1,1752318647),
(2388,'STEAM_1:1:42077851',4,4,1752318672),
(2389,'STEAM_1:1:42077851',2,1,1752318753),
(2390,'STEAM_1:1:42077851',2,1,1752318753),
(2391,'STEAM_1:1:42077851',2,1,1752318753),
(2392,'STEAM_1:1:42077851',2,1,1752318753),
(2393,'STEAM_1:1:42077851',3,6,1752318758),
(2394,'STEAM_1:1:42077851',3,6,1752318763),
(2395,'STEAM_1:1:42077851',13,20,1752318825),
(2396,'STEAM_1:1:42077851',8,2,1752318844),
(2397,'STEAM_1:1:42077851',2,1,1752318844),
(2398,'STEAM_1:1:42077851',2,1,1752318879),
(2399,'STEAM_1:1:42077851',2,1,1752318891),
(2400,'STEAM_1:1:42077851',3,6,1752318903),
(2401,'STEAM_1:1:42077851',3,6,1752318904),
(2402,'STEAM_1:1:42077851',3,6,1752318904),
(2403,'STEAM_1:1:42077851',3,6,1752318904),
(2404,'STEAM_1:1:42077851',2,1,1752318952),
(2405,'STEAM_1:1:42077851',2,1,1752318956),
(2406,'STEAM_1:1:42077851',2,1,1752318956),
(2407,'STEAM_1:1:42077851',2,1,1752318960),
(2408,'STEAM_1:1:42077851',8,2,1752318981),
(2409,'STEAM_1:1:42077851',2,1,1752318981),
(2410,'STEAM_1:1:42077851',2,1,1752318986),
(2411,'STEAM_1:1:42077851',2,1,1752318986),
(2412,'STEAM_1:1:42077851',8,2,1752319048),
(2413,'STEAM_1:1:42077851',2,1,1752319048),
(2414,'STEAM_1:1:42077851',2,1,1752319060),
(2415,'STEAM_1:1:42077851',2,1,1752319069),
(2416,'STEAM_1:1:42077851',2,1,1752319091),
(2417,'STEAM_1:1:42077851',2,1,1752319093),
(2418,'STEAM_1:1:42077851',3,6,1752319106),
(2419,'STEAM_1:1:42077851',2,1,1752319116),
(2420,'STEAM_1:1:42077851',2,1,1752319119),
(2421,'STEAM_1:1:42077851',9,-10,1752319119),
(2422,'STEAM_1:1:42077851',9,-10,1752319119),
(2423,'STEAM_1:1:42077851',9,-10,1752319119),
(2424,'STEAM_1:1:42077851',4,9,1752319142),
(2425,'STEAM_1:1:42077851',10,50,1752319169),
(2426,'STEAM_1:1:42077851',9,-10,1752319173),
(2427,'STEAM_1:1:42077851',2,1,1752319187),
(2428,'STEAM_1:1:42077851',2,1,1752319187),
(2429,'STEAM_1:1:42077851',9,-20,1752319187),
(2430,'STEAM_1:1:42077851',2,1,1752319187),
(2431,'STEAM_1:1:42077851',2,1,1752319189),
(2432,'STEAM_1:1:42077851',2,1,1752319189),
(2433,'STEAM_1:1:42077851',4,9,1752319205),
(2434,'STEAM_1:1:42077851',2,1,1752319218),
(2435,'STEAM_1:1:42077851',2,1,1752319218),
(2436,'STEAM_1:1:42077851',2,1,1752319218),
(2437,'STEAM_1:1:42077851',2,1,1752319218),
(2438,'STEAM_1:1:42077851',2,1,1752319237),
(2439,'STEAM_1:1:42077851',2,1,1752319237),
(2440,'STEAM_1:1:42077851',2,1,1752319239),
(2441,'STEAM_1:1:42077851',8,2,1752319245),
(2442,'STEAM_1:1:42077851',2,1,1752319245),
(2443,'STEAM_1:1:42077851',8,2,1752319325),
(2444,'STEAM_1:1:42077851',2,1,1752319325),
(2445,'STEAM_1:1:42077851',2,1,1752319327),
(2446,'STEAM_1:1:42077851',8,2,1752319333),
(2447,'STEAM_1:1:42077851',2,1,1752319333),
(2448,'STEAM_1:1:42077851',8,2,1752319335),
(2449,'STEAM_1:1:42077851',2,1,1752319335),
(2450,'STEAM_1:1:42077851',8,2,1752319337),
(2451,'STEAM_1:1:42077851',2,1,1752319337),
(2452,'STEAM_1:1:42077851',2,1,1752319347),
(2453,'STEAM_1:1:42077851',9,-10,1752319359),
(2454,'STEAM_1:1:42077851',9,-10,1752319360),
(2455,'STEAM_1:1:42077851',9,-10,1752319360),
(2456,'STEAM_1:1:42077851',2,1,1752319363),
(2457,'STEAM_1:1:42077851',2,1,1752319388),
(2458,'STEAM_1:1:42077851',2,1,1752319388),
(2459,'STEAM_1:1:42077851',2,1,1752319388),
(2460,'STEAM_1:1:42077851',2,1,1752319388),
(2461,'STEAM_1:1:42077851',2,1,1752319388),
(2462,'STEAM_1:1:42077851',2,1,1752319389),
(2463,'STEAM_1:1:42077851',2,1,1752319389),
(2464,'STEAM_1:1:42077851',2,1,1752319390),
(2465,'STEAM_1:1:42077851',2,1,1752319390),
(2466,'STEAM_1:1:42077851',2,1,1752319390),
(2467,'STEAM_1:1:42077851',2,1,1752319390),
(2468,'STEAM_1:1:42077851',2,1,1752319390),
(2469,'STEAM_1:1:42077851',2,1,1752319402),
(2470,'STEAM_1:1:42077851',2,1,1752319402),
(2471,'STEAM_1:1:42077851',2,1,1752319413),
(2472,'STEAM_1:1:42077851',2,1,1752319413),
(2473,'STEAM_1:1:42077851',2,1,1752319414),
(2474,'STEAM_1:1:42077851',2,1,1752319415),
(2475,'STEAM_1:1:42077851',8,2,1752319416),
(2476,'STEAM_1:1:42077851',2,1,1752319416),
(2477,'STEAM_1:1:42077851',8,2,1752319416),
(2478,'STEAM_1:1:42077851',2,1,1752319416),
(2479,'STEAM_1:1:42077851',2,1,1752319456),
(2480,'STEAM_1:1:42077851',2,1,1752319456),
(2481,'STEAM_1:1:42077851',2,1,1752319496),
(2482,'STEAM_1:1:42077851',3,6,1752319559),
(2483,'STEAM_1:1:42077851',4,4,1752319580),
(2484,'STEAM_1:1:42077851',4,3,1752319636),
(2485,'STEAM_1:1:42077851',2,1,1752319707),
(2486,'STEAM_1:1:42077851',8,2,1752319707),
(2487,'STEAM_1:1:42077851',2,1,1752319707),
(2488,'STEAM_1:1:42077851',2,1,1752319707),
(2489,'STEAM_1:1:42077851',2,1,1752319708),
(2490,'STEAM_1:1:42077851',2,1,1752319708),
(2491,'STEAM_1:1:42077851',2,1,1752319709),
(2492,'STEAM_1:1:42077851',2,1,1752319712),
(2493,'STEAM_1:1:42077851',2,1,1752319712),
(2494,'STEAM_1:1:42077851',2,1,1752319712),
(2495,'STEAM_1:1:42077851',8,2,1752319713),
(2496,'STEAM_1:1:42077851',2,1,1752319713),
(2497,'STEAM_1:1:42077851',2,1,1752319713),
(2498,'STEAM_1:1:42077851',2,1,1752319713),
(2499,'STEAM_1:1:42077851',2,1,1752319715),
(2500,'STEAM_1:1:42077851',2,1,1752319715),
(2501,'STEAM_1:1:42077851',2,1,1752319716),
(2502,'STEAM_1:1:42077851',2,1,1752319717),
(2503,'STEAM_1:1:42077851',2,1,1752319719),
(2504,'STEAM_1:1:42077851',2,1,1752319719),
(2505,'STEAM_1:1:42077851',2,1,1752319719),
(2506,'STEAM_1:1:42077851',2,1,1752319721),
(2507,'STEAM_1:1:42077851',2,1,1752319728),
(2508,'STEAM_1:1:42077851',2,1,1752319730),
(2509,'STEAM_1:1:42077851',2,1,1752319730),
(2510,'STEAM_1:1:42077851',2,1,1752319734),
(2511,'STEAM_1:1:42077851',2,1,1752319738),
(2512,'STEAM_1:1:42077851',2,1,1752319744),
(2513,'STEAM_1:1:42077851',8,2,1752319744),
(2514,'STEAM_1:1:42077851',2,1,1752319744),
(2515,'STEAM_1:1:42077851',2,1,1752319746),
(2516,'STEAM_1:1:42077851',2,1,1752319746),
(2517,'STEAM_1:1:42077851',8,2,1752319750),
(2518,'STEAM_1:1:42077851',2,1,1752319750),
(2519,'STEAM_1:1:42077851',2,1,1752319750),
(2520,'STEAM_1:1:42077851',2,1,1752319752),
(2521,'STEAM_1:1:42077851',2,1,1752319752),
(2522,'STEAM_1:1:42077851',8,2,1752319752),
(2523,'STEAM_1:1:42077851',2,1,1752319752),
(2524,'STEAM_1:1:42077851',2,1,1752319752),
(2525,'STEAM_1:1:42077851',2,1,1752319752),
(2526,'STEAM_1:1:42077851',2,1,1752319752),
(2527,'STEAM_1:1:42077851',2,1,1752319753),
(2528,'STEAM_1:1:42077851',2,1,1752319753),
(2529,'STEAM_1:1:42077851',2,1,1752319753),
(2530,'STEAM_1:1:42077851',2,1,1752319754),
(2531,'STEAM_1:1:42077851',2,1,1752319756),
(2532,'STEAM_1:1:42077851',2,1,1752319757),
(2533,'STEAM_1:1:42077851',2,1,1752319815),
(2534,'STEAM_1:1:42077851',8,2,1752319817),
(2535,'STEAM_1:1:42077851',2,1,1752319817),
(2536,'STEAM_1:1:42077851',2,1,1752319851),
(2537,'STEAM_1:1:42077851',2,1,1752319852),
(2538,'STEAM_1:1:42077851',2,1,1752319854),
(2539,'STEAM_1:1:42077851',2,1,1752319855),
(2540,'STEAM_1:1:42077851',8,2,1752319865),
(2541,'STEAM_1:1:42077851',2,1,1752319865),
(2542,'STEAM_1:1:42077851',2,1,1752319868),
(2543,'STEAM_1:1:42077851',2,1,1752319868),
(2544,'STEAM_1:1:42077851',2,1,1752319880),
(2545,'STEAM_1:1:42077851',3,6,1752319892),
(2546,'STEAM_1:1:42077851',3,6,1752319894),
(2547,'STEAM_1:1:42077851',2,1,1752319896),
(2548,'STEAM_1:1:42077851',8,2,1752319899),
(2549,'STEAM_1:1:42077851',2,1,1752319899),
(2550,'STEAM_1:1:42077851',3,6,1752319902),
(2551,'STEAM_1:1:42077851',2,1,1752319926),
(2552,'STEAM_1:1:42077851',8,2,1752319927),
(2553,'STEAM_1:1:42077851',2,1,1752319927),
(2554,'STEAM_1:1:42077851',2,1,1752319927),
(2555,'STEAM_1:1:42077851',2,1,1752319928),
(2556,'STEAM_1:1:42077851',2,1,1752319929),
(2557,'STEAM_1:1:42077851',2,1,1752319931),
(2558,'STEAM_1:1:42077851',2,1,1752319933),
(2559,'STEAM_1:1:42077851',2,1,1752319933),
(2560,'STEAM_1:1:42077851',2,1,1752319933),
(2561,'STEAM_1:1:42077851',2,1,1752319937),
(2562,'STEAM_1:1:42077851',2,1,1752319937),
(2563,'STEAM_1:1:42077851',2,1,1752319941),
(2564,'STEAM_1:1:42077851',8,2,1752319942),
(2565,'STEAM_1:1:42077851',2,1,1752319942),
(2566,'STEAM_1:1:42077851',2,1,1752319942),
(2567,'STEAM_1:1:42077851',2,1,1752319944),
(2568,'STEAM_1:1:42077851',2,1,1752319945),
(2569,'STEAM_1:1:42077851',8,2,1752319946),
(2570,'STEAM_1:1:42077851',2,1,1752319946),
(2571,'STEAM_1:1:42077851',8,2,1752319946),
(2572,'STEAM_1:1:42077851',2,1,1752319946),
(2573,'STEAM_1:1:42077851',8,2,1752319946),
(2574,'STEAM_1:1:42077851',2,1,1752319946),
(2575,'STEAM_1:1:42077851',8,2,1752319946),
(2576,'STEAM_1:1:42077851',2,1,1752319946),
(2577,'STEAM_1:1:42077851',8,2,1752319946),
(2578,'STEAM_1:1:42077851',2,1,1752319946),
(2579,'STEAM_1:1:42077851',2,1,1752319946),
(2580,'STEAM_1:1:42077851',2,1,1752319946),
(2581,'STEAM_1:1:42077851',2,1,1752319946),
(2582,'STEAM_1:1:42077851',2,1,1752319984),
(2583,'STEAM_1:1:42077851',8,2,1752319988),
(2584,'STEAM_1:1:42077851',2,1,1752319988),
(2585,'STEAM_1:1:42077851',8,2,1752320000),
(2586,'STEAM_1:1:42077851',2,1,1752320000),
(2587,'STEAM_1:1:42077851',2,1,1752320000),
(2588,'STEAM_1:1:42077851',2,1,1752320000),
(2589,'STEAM_1:1:42077851',8,2,1752320011),
(2590,'STEAM_1:1:42077851',2,1,1752320011),
(2591,'STEAM_1:1:42077851',2,1,1752320016),
(2592,'STEAM_1:1:42077851',2,1,1752320016),
(2593,'STEAM_1:1:42077851',2,1,1752320016),
(2594,'STEAM_1:1:42077851',2,1,1752320021),
(2595,'STEAM_1:1:42077851',2,1,1752320022),
(2596,'STEAM_1:1:42077851',2,1,1752320022),
(2597,'STEAM_1:1:42077851',2,1,1752320022),
(2598,'STEAM_1:1:42077851',2,1,1752320024),
(2599,'STEAM_1:1:42077851',2,1,1752320032),
(2600,'STEAM_1:1:42077851',2,1,1752320032),
(2601,'STEAM_1:1:42077851',2,1,1752320033),
(2602,'STEAM_1:1:42077851',9,-10,1752320033),
(2603,'STEAM_1:1:42077851',2,1,1752320033),
(2604,'STEAM_1:1:42077851',2,1,1752320056),
(2605,'STEAM_1:1:42077851',2,1,1752320056),
(2606,'STEAM_1:1:42077851',9,-10,1752320056),
(2607,'STEAM_1:1:42077851',2,1,1752320056),
(2608,'STEAM_1:1:42077851',9,-40,1752320079),
(2609,'STEAM_1:1:42077851',2,1,1752320079),
(2610,'STEAM_1:1:42077851',9,-40,1752320081),
(2611,'STEAM_1:1:42077851',9,-40,1752320081),
(2612,'STEAM_1:1:42077851',2,1,1752320117),
(2613,'STEAM_1:1:42077851',2,1,1752320119),
(2614,'STEAM_1:1:42077851',8,2,1752320135),
(2615,'STEAM_1:1:42077851',2,1,1752320135),
(2616,'STEAM_1:1:42077851',8,2,1752320140),
(2617,'STEAM_1:1:42077851',2,1,1752320140),
(2618,'STEAM_1:1:42077851',2,1,1752320142),
(2619,'STEAM_1:1:42077851',13,20,1752320158),
(2620,'STEAM_1:1:42077851',2,1,1752320159),
(2621,'STEAM_1:1:42077851',2,1,1752320186),
(2622,'STEAM_1:1:42077851',2,1,1752320187),
(2623,'STEAM_1:1:42077851',2,1,1752320190),
(2624,'STEAM_1:1:42077851',2,1,1752320198),
(2625,'STEAM_1:1:42077851',2,1,1752320198),
(2626,'STEAM_1:1:42077851',2,1,1752320199),
(2627,'STEAM_1:1:42077851',2,1,1752320199),
(2628,'STEAM_1:1:42077851',2,1,1752320200),
(2629,'STEAM_1:1:42077851',2,1,1752320203),
(2630,'STEAM_1:1:42077851',2,1,1752320204),
(2631,'STEAM_1:1:42077851',2,1,1752320204),
(2632,'STEAM_1:1:42077851',2,1,1752320204),
(2633,'STEAM_1:1:42077851',2,1,1752320205),
(2634,'STEAM_1:1:42077851',2,1,1752320206),
(2635,'STEAM_1:1:42077851',2,1,1752320207),
(2636,'STEAM_1:1:42077851',2,1,1752320208),
(2637,'STEAM_1:1:42077851',2,1,1752320208),
(2638,'STEAM_1:1:42077851',2,1,1752320208),
(2639,'STEAM_1:1:42077851',2,1,1752320209),
(2640,'STEAM_1:1:42077851',2,1,1752320209),
(2641,'STEAM_1:1:42077851',8,2,1752320210),
(2642,'STEAM_1:1:42077851',2,1,1752320210),
(2643,'STEAM_1:1:42077851',2,1,1752320214),
(2644,'STEAM_1:1:42077851',2,1,1752320215),
(2645,'STEAM_1:1:42077851',2,1,1752320216),
(2646,'STEAM_1:1:42077851',2,1,1752320217),
(2647,'STEAM_1:1:42077851',8,2,1752320239),
(2648,'STEAM_1:1:42077851',2,1,1752320239),
(2649,'STEAM_1:1:42077851',2,1,1752320249),
(2650,'STEAM_1:1:42077851',2,1,1752320249),
(2651,'STEAM_1:1:42077851',2,1,1752320250),
(2652,'STEAM_1:1:42077851',2,1,1752320250),
(2653,'STEAM_1:1:42077851',2,1,1752320250),
(2654,'STEAM_1:1:42077851',2,1,1752320251),
(2655,'STEAM_1:1:42077851',2,1,1752320253),
(2656,'STEAM_1:1:42077851',2,1,1752320253),
(2657,'STEAM_1:1:42077851',2,1,1752320254),
(2658,'STEAM_1:1:42077851',2,1,1752320257),
(2659,'STEAM_1:1:42077851',2,1,1752320262),
(2660,'STEAM_1:1:42077851',9,-10,1752320263),
(2661,'STEAM_1:1:42077851',9,-10,1752320263),
(2662,'STEAM_1:1:42077851',9,-10,1752320263),
(2663,'STEAM_1:1:42077851',9,-10,1752320263),
(2664,'STEAM_1:1:42077851',9,-10,1752320263),
(2665,'STEAM_1:1:42077851',9,-10,1752320263),
(2666,'STEAM_1:1:42077851',2,1,1752320271),
(2667,'STEAM_1:1:42077851',2,1,1752320271),
(2668,'STEAM_1:1:42077851',2,1,1752320272),
(2669,'STEAM_1:1:42077851',2,1,1752320275),
(2670,'STEAM_1:1:42077851',2,1,1752320275),
(2671,'STEAM_1:1:42077851',2,1,1752320276),
(2672,'STEAM_1:1:42077851',8,2,1752320276),
(2673,'STEAM_1:1:42077851',2,1,1752320276),
(2674,'STEAM_1:1:42077851',2,1,1752320293),
(2675,'STEAM_1:1:42077851',2,1,1752320293),
(2676,'STEAM_1:1:42077851',2,1,1752320295),
(2677,'STEAM_1:1:42077851',2,1,1752320307),
(2678,'STEAM_1:1:42077851',2,1,1752320309),
(2679,'STEAM_1:1:42077851',2,1,1752320309),
(2680,'STEAM_1:1:42077851',2,1,1752320312),
(2681,'STEAM_1:1:42077851',2,1,1752320313),
(2682,'STEAM_1:1:42077851',2,1,1752320314),
(2683,'STEAM_1:1:42077851',8,2,1752320323),
(2684,'STEAM_1:1:42077851',2,1,1752320323),
(2685,'STEAM_1:1:42077851',8,2,1752320324),
(2686,'STEAM_1:1:42077851',2,1,1752320324),
(2687,'STEAM_1:1:42077851',2,1,1752320329),
(2688,'STEAM_1:1:42077851',2,1,1752320334),
(2689,'STEAM_1:1:42077851',2,1,1752320344),
(2690,'STEAM_1:1:42077851',2,1,1752320344),
(2691,'STEAM_1:1:42077851',9,-10,1752320346),
(2692,'STEAM_1:1:42077851',9,-10,1752320346),
(2693,'STEAM_1:1:42077851',2,1,1752320349),
(2694,'STEAM_1:1:42077851',2,1,1752320349),
(2695,'STEAM_1:1:42077851',2,1,1752320350),
(2696,'STEAM_1:1:42077851',2,1,1752320351),
(2697,'STEAM_1:1:42077851',2,1,1752320351),
(2698,'STEAM_1:1:42077851',2,1,1752320358),
(2699,'STEAM_1:1:42077851',2,1,1752320360),
(2700,'STEAM_1:1:42077851',2,1,1752320385),
(2701,'STEAM_1:1:42077851',2,1,1752320385),
(2702,'STEAM_1:1:42077851',2,1,1752320386),
(2703,'STEAM_1:1:42077851',4,12,1752320402),
(2704,'STEAM_1:1:42077851',2,1,1752320417),
(2705,'STEAM_1:1:42077851',2,1,1752320417),
(2706,'STEAM_1:1:42077851',2,1,1752320418),
(2707,'STEAM_1:1:42077851',2,1,1752320418),
(2708,'STEAM_1:1:28498421',8,2,1752421293),
(2709,'STEAM_1:1:28498421',2,1,1752421293);
/*!40000 ALTER TABLE `stats_points` ENABLE KEYS */;
UNLOCK TABLES;
commit;

--
-- Table structure for table `stats_users`
--

DROP TABLE IF EXISTS `stats_users`;
/*!40101 SET @saved_cs_client     = @@character_set_client */;
/*!40101 SET character_set_client = utf8mb4 */;
CREATE TABLE `stats_users` (
  `steamid` varchar(20) NOT NULL,
  `last_alias` varchar(32) NOT NULL,
  `last_join_date` bigint(11) NOT NULL,
  `created_date` bigint(11) NOT NULL,
  `connections` int(11) unsigned NOT NULL DEFAULT 1,
  `country` varchar(45) NOT NULL,
  `points` int(10) unsigned NOT NULL DEFAULT 0,
  `survivor_deaths` int(11) unsigned NOT NULL DEFAULT 0,
  `infected_deaths` int(11) unsigned NOT NULL DEFAULT 0,
  `survivor_damage_rec` bigint(11) unsigned NOT NULL DEFAULT 0,
  `survivor_damage_give` bigint(11) unsigned NOT NULL DEFAULT 0,
  `infected_damage_rec` bigint(11) unsigned NOT NULL DEFAULT 0,
  `infected_damage_give` bigint(11) unsigned NOT NULL DEFAULT 0,
  `pickups_molotov` int(11) unsigned NOT NULL DEFAULT 0,
  `pickups_pipe_bomb` int(11) unsigned NOT NULL DEFAULT 0,
  `survivor_incaps` int(11) unsigned NOT NULL DEFAULT 0,
  `pills_used` int(11) unsigned NOT NULL DEFAULT 0,
  `defibs_used` int(11) unsigned NOT NULL DEFAULT 0,
  `adrenaline_used` int(11) unsigned NOT NULL DEFAULT 0,
  `heal_self` int(11) unsigned NOT NULL DEFAULT 0,
  `heal_others` int(11) unsigned NOT NULL DEFAULT 0,
  `revived` int(11) unsigned NOT NULL DEFAULT 0 COMMENT 'Times themselves revived',
  `revived_others` int(11) unsigned NOT NULL DEFAULT 0,
  `pickups_pain_pills` int(11) unsigned NOT NULL DEFAULT 0,
  `melee_kills` int(11) unsigned DEFAULT 0,
  `tanks_killed` int(10) unsigned NOT NULL DEFAULT 0,
  `tanks_killed_solo` int(10) unsigned NOT NULL DEFAULT 0,
  `tanks_killed_melee` int(10) unsigned NOT NULL DEFAULT 0,
  `survivor_ff` int(10) unsigned NOT NULL DEFAULT 0,
  `survivor_ff_rec` int(11) DEFAULT 0,
  `common_kills` int(10) unsigned DEFAULT 0,
  `common_headshots` int(10) unsigned NOT NULL DEFAULT 0,
  `door_opens` int(10) unsigned NOT NULL DEFAULT 0,
  `damage_to_tank` int(10) unsigned DEFAULT 0,
  `damage_as_tank` int(10) unsigned NOT NULL DEFAULT 0,
  `damage_witch` int(10) unsigned NOT NULL DEFAULT 0,
  `minutes_played` int(10) unsigned NOT NULL DEFAULT 0,
  `finales_won` int(10) unsigned NOT NULL DEFAULT 0,
  `kills_smoker` int(10) unsigned NOT NULL DEFAULT 0,
  `kills_boomer` int(10) unsigned NOT NULL DEFAULT 0,
  `kills_hunter` int(10) unsigned NOT NULL DEFAULT 0,
  `kills_spitter` int(10) unsigned NOT NULL DEFAULT 0,
  `kills_jockey` int(10) unsigned NOT NULL DEFAULT 0,
  `kills_charger` int(10) unsigned NOT NULL DEFAULT 0,
  `kills_witch` int(10) unsigned NOT NULL DEFAULT 0,
  `packs_used` int(10) unsigned NOT NULL DEFAULT 0,
  `ff_kills` int(10) unsigned NOT NULL DEFAULT 0,
  `throws_puke` int(10) unsigned NOT NULL DEFAULT 0,
  `throws_molotov` int(10) unsigned NOT NULL DEFAULT 0,
  `throws_pipe` int(10) unsigned NOT NULL DEFAULT 0,
  `damage_molotov` int(10) unsigned NOT NULL DEFAULT 0,
  `kills_molotov` int(10) unsigned NOT NULL DEFAULT 0,
  `kills_pipe` int(10) unsigned NOT NULL DEFAULT 0,
  `kills_minigun` int(10) unsigned NOT NULL DEFAULT 0,
  `kills_all_specials` int(10) unsigned NOT NULL DEFAULT 0,
  `caralarms_activated` smallint(5) unsigned NOT NULL DEFAULT 0,
  `witches_crowned` int(10) unsigned NOT NULL DEFAULT 0,
  `witches_crowned_angry` smallint(5) unsigned NOT NULL DEFAULT 0,
  `smokers_selfcleared` int(10) unsigned NOT NULL DEFAULT 0,
  `rocks_hitby` int(10) unsigned NOT NULL DEFAULT 0,
  `hunters_deadstopped` int(10) unsigned NOT NULL DEFAULT 0,
  `cleared_pinned` int(10) unsigned NOT NULL DEFAULT 0 COMMENT 'Times cleared a survivor thats pinned',
  `times_pinned` int(10) unsigned NOT NULL DEFAULT 0,
  `clowns_honked` smallint(5) unsigned NOT NULL DEFAULT 0,
  `minutes_idle` mediumint(8) unsigned NOT NULL DEFAULT 0,
  `boomer_mellos` int(11) DEFAULT 0,
  `boomer_mellos_self` smallint(6) DEFAULT 0,
  `forgot_kit_count` smallint(5) unsigned NOT NULL DEFAULT 0,
  `total_distance_travelled` float DEFAULT 0,
  `mvp_wins` int(11) DEFAULT 0,
  `ff_damage_received` int(11) DEFAULT 0,
  PRIMARY KEY (`steamid`),
  KEY `points` (`steamid`),
  FULLTEXT KEY `last_alias` (`last_alias`)
) ENGINE=InnoDB DEFAULT CHARSET=utf8mb4 COLLATE=utf8mb4_general_ci;
/*!40101 SET character_set_client = @saved_cs_client */;

--
-- Dumping data for table `stats_users`
--

LOCK TABLES `stats_users` WRITE;
/*!40000 ALTER TABLE `stats_users` DISABLE KEYS */;
set autocommit=0;
INSERT INTO `stats_users` VALUES
('STEAM_1:0:727844272','Nusty',1752317937,1752293844,8,'',8869,41,0,6119,593245,0,0,0,0,112,16,0,5,36,2,73,37,0,492,35,0,0,6899,10183,3429,0,61,53713,0,6321,429,1,132,219,185,0,0,0,9,1,1,3,8,4,1719,109,13,0,0,8,0,0,3,0,62,285,237,88,0,41,12,2,40121900000,0,0),
('STEAM_1:0:77194684','wang',1752317939,1752293884,8,'',12122,35,0,7675,646345,0,0,0,0,99,23,3,10,26,40,58,58,0,153,36,0,0,9945,13423,4819,0,104,51070,0,9424,422,1,188,277,217,0,0,0,11,4,1,8,7,29,631,103,4,0,0,9,0,0,3,3,53,233,216,109,0,43,22,5,52282000000,0,0),
('STEAM_1:1:28498421','Nusty_Testing',1752421262,1752421262,1,'',3,1,0,100,340,0,0,0,0,1,0,0,0,0,0,0,0,0,0,0,0,0,0,0,1,0,1,0,0,0,1,0,0,0,0,0,0,0,0,0,0,0,0,0,0,0,0,0,0,0,0,0,0,0,0,2,0,0,0,0,0,0,2329860000,0,0),
('STEAM_1:1:42077851','GOD',1752317937,1752293863,8,'',6579,35,0,7854,360825,0,0,0,0,97,11,0,5,33,16,47,29,0,276,34,0,0,8874,10915,3749,0,43,37293,0,2975,421,1,131,125,91,0,0,0,2,6,0,13,13,123,679,2105,1,0,0,2,0,0,1,2,28,128,197,148,0,14,5,1,53419600000,0,0),
('STEAM_1:1:50902447','Anlv',1752317937,1752293881,8,'',12140,33,0,7132,626891,0,0,0,0,73,7,3,5,16,52,31,85,0,1799,34,0,0,15693,6422,4652,0,11,76520,0,5996,417,1,240,188,266,0,0,0,9,10,1,1,29,22,3537,171,18,0,0,6,0,0,3,4,35,217,215,108,0,30,14,2,47457700000,0,0);
/*!40000 ALTER TABLE `stats_users` ENABLE KEYS */;
UNLOCK TABLES;
commit;

--
-- Table structure for table `stats_users_backup`
--

DROP TABLE IF EXISTS `stats_users_backup`;
/*!40101 SET @saved_cs_client     = @@character_set_client */;
/*!40101 SET character_set_client = utf8mb4 */;
CREATE TABLE `stats_users_backup` (
  `steamid` varchar(20) CHARACTER SET utf8mb4 COLLATE utf8mb4_general_ci NOT NULL,
  `last_alias` varchar(32) CHARACTER SET utf8mb4 COLLATE utf8mb4_general_ci NOT NULL,
  `last_join_date` bigint(11) NOT NULL,
  `created_date` bigint(11) NOT NULL,
  `connections` int(11) unsigned NOT NULL DEFAULT 1,
  `country` varchar(45) CHARACTER SET utf8mb4 COLLATE utf8mb4_general_ci NOT NULL,
  `points` int(10) unsigned NOT NULL DEFAULT 0,
  `survivor_deaths` int(11) unsigned NOT NULL DEFAULT 0,
  `infected_deaths` int(11) unsigned NOT NULL DEFAULT 0,
  `survivor_damage_rec` bigint(11) unsigned NOT NULL DEFAULT 0,
  `survivor_damage_give` bigint(11) unsigned NOT NULL DEFAULT 0,
  `infected_damage_rec` bigint(11) unsigned NOT NULL DEFAULT 0,
  `infected_damage_give` bigint(11) unsigned NOT NULL DEFAULT 0,
  `pickups_molotov` int(11) unsigned NOT NULL DEFAULT 0,
  `pickups_pipe_bomb` int(11) unsigned NOT NULL DEFAULT 0,
  `survivor_incaps` int(11) unsigned NOT NULL DEFAULT 0,
  `pills_used` int(11) unsigned NOT NULL DEFAULT 0,
  `defibs_used` int(11) unsigned NOT NULL DEFAULT 0,
  `adrenaline_used` int(11) unsigned NOT NULL DEFAULT 0,
  `heal_self` int(11) unsigned NOT NULL DEFAULT 0,
  `heal_others` int(11) unsigned NOT NULL DEFAULT 0,
  `revived` int(11) unsigned NOT NULL DEFAULT 0 COMMENT 'Times themselves revived',
  `revived_others` int(11) unsigned NOT NULL DEFAULT 0,
  `pickups_pain_pills` int(11) unsigned NOT NULL DEFAULT 0,
  `melee_kills` int(11) unsigned DEFAULT 0,
  `tanks_killed` int(10) unsigned NOT NULL DEFAULT 0,
  `tanks_killed_solo` int(10) unsigned NOT NULL DEFAULT 0,
  `tanks_killed_melee` int(10) unsigned NOT NULL DEFAULT 0,
  `survivor_ff` int(10) unsigned NOT NULL DEFAULT 0,
  `survivor_ff_rec` int(11) DEFAULT 0,
  `common_kills` int(10) unsigned DEFAULT 0,
  `common_headshots` int(10) unsigned NOT NULL DEFAULT 0,
  `door_opens` int(10) unsigned NOT NULL DEFAULT 0,
  `damage_to_tank` int(10) unsigned DEFAULT 0,
  `damage_as_tank` int(10) unsigned NOT NULL DEFAULT 0,
  `damage_witch` int(10) unsigned NOT NULL DEFAULT 0,
  `minutes_played` int(10) unsigned NOT NULL DEFAULT 0,
  `finales_won` int(10) unsigned NOT NULL DEFAULT 0,
  `kills_smoker` int(10) unsigned NOT NULL DEFAULT 0,
  `kills_boomer` int(10) unsigned NOT NULL DEFAULT 0,
  `kills_hunter` int(10) unsigned NOT NULL DEFAULT 0,
  `kills_spitter` int(10) unsigned NOT NULL DEFAULT 0,
  `kills_jockey` int(10) unsigned NOT NULL DEFAULT 0,
  `kills_charger` int(10) unsigned NOT NULL DEFAULT 0,
  `kills_witch` int(10) unsigned NOT NULL DEFAULT 0,
  `packs_used` int(10) unsigned NOT NULL DEFAULT 0,
  `ff_kills` int(10) unsigned NOT NULL DEFAULT 0,
  `throws_puke` int(10) unsigned NOT NULL DEFAULT 0,
  `throws_molotov` int(10) unsigned NOT NULL DEFAULT 0,
  `throws_pipe` int(10) unsigned NOT NULL DEFAULT 0,
  `damage_molotov` int(10) unsigned NOT NULL DEFAULT 0,
  `kills_molotov` int(10) unsigned NOT NULL DEFAULT 0,
  `kills_pipe` int(10) unsigned NOT NULL DEFAULT 0,
  `kills_minigun` int(10) unsigned NOT NULL DEFAULT 0,
  `kills_all_specials` int(10) unsigned NOT NULL DEFAULT 0,
  `caralarms_activated` smallint(5) unsigned NOT NULL DEFAULT 0,
  `witches_crowned` int(10) unsigned NOT NULL DEFAULT 0,
  `witches_crowned_angry` smallint(5) unsigned NOT NULL DEFAULT 0,
  `smokers_selfcleared` int(10) unsigned NOT NULL DEFAULT 0,
  `rocks_hitby` int(10) unsigned NOT NULL DEFAULT 0,
  `hunters_deadstopped` int(10) unsigned NOT NULL DEFAULT 0,
  `cleared_pinned` int(10) unsigned NOT NULL DEFAULT 0 COMMENT 'Times cleared a survivor thats pinned',
  `times_pinned` int(10) unsigned NOT NULL DEFAULT 0,
  `clowns_honked` smallint(5) unsigned NOT NULL DEFAULT 0,
  `minutes_idle` mediumint(8) unsigned NOT NULL DEFAULT 0,
  `boomer_mellos` int(11) DEFAULT 0,
  `boomer_mellos_self` smallint(6) DEFAULT 0,
  `forgot_kit_count` smallint(5) unsigned NOT NULL DEFAULT 0,
  `total_distance_travelled` float DEFAULT 0
) ENGINE=InnoDB DEFAULT CHARSET=utf8mb4 COLLATE=utf8mb4_uca1400_ai_ci;
/*!40101 SET character_set_client = @saved_cs_client */;

--
-- Dumping data for table `stats_users_backup`
--

LOCK TABLES `stats_users_backup` WRITE;
/*!40000 ALTER TABLE `stats_users_backup` DISABLE KEYS */;
set autocommit=0;
/*!40000 ALTER TABLE `stats_users_backup` ENABLE KEYS */;
UNLOCK TABLES;
commit;

--
-- Table structure for table `stats_weapons_usage`
--

DROP TABLE IF EXISTS `stats_weapons_usage`;
/*!40101 SET @saved_cs_client     = @@character_set_client */;
/*!40101 SET character_set_client = utf8mb4 */;
CREATE TABLE `stats_weapons_usage` (
  `steamid` varchar(32) NOT NULL,
  `weapon` varchar(64) NOT NULL,
  `minutesUsed` float DEFAULT NULL,
  `totalDamage` bigint(20) NOT NULL,
  `headshots` int(11) DEFAULT NULL,
  `kills` int(11) DEFAULT NULL,
  PRIMARY KEY (`steamid`,`weapon`)
) ENGINE=InnoDB DEFAULT CHARSET=utf8mb4 COLLATE=utf8mb4_general_ci;
/*!40101 SET character_set_client = @saved_cs_client */;

--
-- Dumping data for table `stats_weapons_usage`
--

LOCK TABLES `stats_weapons_usage` WRITE;
/*!40000 ALTER TABLE `stats_weapons_usage` DISABLE KEYS */;
set autocommit=0;
INSERT INTO `stats_weapons_usage` VALUES
('STEAM_1:0:727844272','baseball_bat',603,20390,10,189),
('STEAM_1:0:727844272','fireaxe',547,19839,12,150),
('STEAM_1:0:727844272','frying_pan',9,101,0,2),
('STEAM_1:0:727844272','katana',223,6550,6,81),
('STEAM_1:0:727844272','keycard',3,0,0,0),
('STEAM_1:0:727844272','knife',737,37407,21,222),
('STEAM_1:0:727844272','kopis',375,8127,5,80),
('STEAM_1:0:727844272','machete',836,15393,18,186),
('STEAM_1:0:727844272','shovel',257,14425,9,68),
('STEAM_1:0:727844272','spear',282,4775,4,60),
('STEAM_1:0:727844272','tonfa',233,7347,6,90),
('STEAM_1:0:727844272','weapon_autoshotgun',335,9664,10,143),
('STEAM_1:0:727844272','weapon_chainsaw',2,0,0,0),
('STEAM_1:0:727844272','weapon_pistol',4791,93585,76,930),
('STEAM_1:0:727844272','weapon_pistol_magnum',87,1447,0,14),
('STEAM_1:0:727844272','weapon_pumpshotgun',3173,51069,29,621),
('STEAM_1:0:727844272','weapon_rifle',300,5882,14,65),
('STEAM_1:0:727844272','weapon_rifle_ak47',1656,47671,45,482),
('STEAM_1:0:727844272','weapon_rifle_desert',567,15754,20,197),
('STEAM_1:0:727844272','weapon_rifle_sg552',1,0,0,0),
('STEAM_1:0:727844272','weapon_shotgun_chrome',3062,54959,35,667),
('STEAM_1:0:727844272','weapon_shotgun_spas',2403,41834,47,558),
('STEAM_1:0:727844272','weapon_smg',139,1541,2,23),
('STEAM_1:0:727844272','weapon_smg_mp5',23,555,0,1),
('STEAM_1:0:727844272','weapon_smg_silenced',1,0,0,0),
('STEAM_1:0:727844272','weapon_sniper_awp',158,3886,1,18),
('STEAM_1:0:727844272','weapon_sniper_military',539,19969,23,204),
('STEAM_1:0:727844272','weapon_sniper_scout',15,1876,2,21),
('STEAM_1:0:77194684','baseball_bat',211,8144,15,80),
('STEAM_1:0:77194684','crowbar',373,13799,6,73),
('STEAM_1:0:77194684','katana',94,1810,1,20),
('STEAM_1:0:77194684','keycard',9,0,0,0),
('STEAM_1:0:77194684','knife',3,0,0,0),
('STEAM_1:0:77194684','kopis',130,8012,2,9),
('STEAM_1:0:77194684','machete',1808,49414,37,418),
('STEAM_1:0:77194684','shovel',311,6457,7,39),
('STEAM_1:0:77194684','spear',175,7274,2,54),
('STEAM_1:0:77194684','tonfa',194,4986,6,42),
('STEAM_1:0:77194684','weapon_autoshotgun',2163,47989,42,506),
('STEAM_1:0:77194684','weapon_chainsaw',16,101,0,2),
('STEAM_1:0:77194684','weapon_pistol',5571,123274,148,1213),
('STEAM_1:0:77194684','weapon_pistol_magnum',222,5303,1,51),
('STEAM_1:0:77194684','weapon_pumpshotgun',4980,106597,89,1102),
('STEAM_1:0:77194684','weapon_rifle',310,10280,21,88),
('STEAM_1:0:77194684','weapon_rifle_ak47',2829,98016,178,848),
('STEAM_1:0:77194684','weapon_rifle_desert',634,15385,42,191),
('STEAM_1:0:77194684','weapon_rifle_sg552',14,1082,4,14),
('STEAM_1:0:77194684','weapon_shotgun_chrome',1252,32443,21,345),
('STEAM_1:0:77194684','weapon_shotgun_spas',10,0,0,0),
('STEAM_1:0:77194684','weapon_smg',171,469,1,18),
('STEAM_1:0:77194684','weapon_smg_mp5',200,4316,16,60),
('STEAM_1:0:77194684','weapon_sniper_military',511,17645,20,182),
('STEAM_1:0:77194684','weapon_sniper_scout',4,0,0,0),
('STEAM_1:1:28498421','weapon_pistol',20,0,0,0),
('STEAM_1:1:28498421','weapon_sniper_military',47,340,1,1),
('STEAM_1:1:42077851','cricket_bat',3,0,0,0),
('STEAM_1:1:42077851','crowbar',324,8880,11,69),
('STEAM_1:1:42077851','frying_pan',63,903,0,10),
('STEAM_1:1:42077851','katana',166,767,1,11),
('STEAM_1:1:42077851','keycard',6,0,0,0),
('STEAM_1:1:42077851','knife',380,3737,3,41),
('STEAM_1:1:42077851','kopis',199,4326,18,85),
('STEAM_1:1:42077851','machete',1160,29520,37,230),
('STEAM_1:1:42077851','shovel',11,0,0,0),
('STEAM_1:1:42077851','spear',124,2407,3,42),
('STEAM_1:1:42077851','tonfa',32,952,0,20),
('STEAM_1:1:42077851','weapon_autoshotgun',888,14447,33,202),
('STEAM_1:1:42077851','weapon_pistol',4507,39319,57,538),
('STEAM_1:1:42077851','weapon_pistol_magnum',532,4258,7,64),
('STEAM_1:1:42077851','weapon_pumpshotgun',49,0,0,0),
('STEAM_1:1:42077851','weapon_rifle',3141,55753,82,823),
('STEAM_1:1:42077851','weapon_rifle_ak47',1086,20172,21,298),
('STEAM_1:1:42077851','weapon_rifle_desert',520,10166,10,129),
('STEAM_1:1:42077851','weapon_rifle_m60',17,1179,1,17),
('STEAM_1:1:42077851','weapon_rifle_sg552',345,5065,8,57),
('STEAM_1:1:42077851','weapon_shotgun_chrome',104,1761,2,17),
('STEAM_1:1:42077851','weapon_shotgun_spas',947,14482,9,151),
('STEAM_1:1:42077851','weapon_smg',2712,30706,72,433),
('STEAM_1:1:42077851','weapon_smg_mp5',5046,66593,130,1009),
('STEAM_1:1:42077851','weapon_smg_silenced',121,1438,3,30),
('STEAM_1:1:42077851','weapon_sniper_awp',6,0,0,0),
('STEAM_1:1:42077851','weapon_sniper_military',267,8427,4,69),
('STEAM_1:1:42077851','weapon_sniper_scout',287,2938,2,23),
('STEAM_1:1:50902447','baseball_bat',476,11040,13,105),
('STEAM_1:1:50902447','cricket_bat',63,7953,6,45),
('STEAM_1:1:50902447','frying_pan',200,7158,2,65),
('STEAM_1:1:50902447','keycard',22,0,0,0),
('STEAM_1:1:50902447','knife',63,828,5,14),
('STEAM_1:1:50902447','kopis',1049,34733,21,286),
('STEAM_1:1:50902447','machete',75,1454,2,31),
('STEAM_1:1:50902447','shovel',202,9720,6,56),
('STEAM_1:1:50902447','spear',4767,138444,91,1512),
('STEAM_1:1:50902447','tonfa',201,8800,5,100),
('STEAM_1:1:50902447','weapon_autoshotgun',561,18195,20,213),
('STEAM_1:1:50902447','weapon_chainsaw',2,0,0,0),
('STEAM_1:1:50902447','weapon_pistol',1994,43677,43,317),
('STEAM_1:1:50902447','weapon_pistol_magnum',40,981,0,5),
('STEAM_1:1:50902447','weapon_pumpshotgun',161,1888,0,29),
('STEAM_1:1:50902447','weapon_rifle',2315,50192,82,564),
('STEAM_1:1:50902447','weapon_rifle_ak47',756,21746,29,207),
('STEAM_1:1:50902447','weapon_rifle_desert',2301,70460,74,593),
('STEAM_1:1:50902447','weapon_rifle_sg552',247,6548,9,51),
('STEAM_1:1:50902447','weapon_shotgun_chrome',113,0,0,0),
('STEAM_1:1:50902447','weapon_shotgun_spas',193,4999,2,56),
('STEAM_1:1:50902447','weapon_smg',4451,71227,134,634),
('STEAM_1:1:50902447','weapon_smg_mp5',1726,36190,52,285),
('STEAM_1:1:50902447','weapon_smg_silenced',294,3378,5,35),
('STEAM_1:1:50902447','weapon_sniper_awp',540,20177,2,105),
('STEAM_1:1:50902447','weapon_sniper_military',472,23582,11,142),
('STEAM_1:1:50902447','weapon_sniper_scout',996,10804,5,38);
/*!40000 ALTER TABLE `stats_weapons_usage` ENABLE KEYS */;
UNLOCK TABLES;
commit;

--
-- Dumping routines for database 'left4dead2'
--
/*!40103 SET TIME_ZONE=@OLD_TIME_ZONE */;

/*!40101 SET SQL_MODE=@OLD_SQL_MODE */;
/*!40014 SET FOREIGN_KEY_CHECKS=@OLD_FOREIGN_KEY_CHECKS */;
/*!40014 SET UNIQUE_CHECKS=@OLD_UNIQUE_CHECKS */;
/*!40101 SET CHARACTER_SET_CLIENT=@OLD_CHARACTER_SET_CLIENT */;
/*!40101 SET CHARACTER_SET_RESULTS=@OLD_CHARACTER_SET_RESULTS */;
/*!40101 SET COLLATION_CONNECTION=@OLD_COLLATION_CONNECTION */;
/*M!100616 SET NOTE_VERBOSITY=@OLD_NOTE_VERBOSITY */;

-- Dump completed on 2025-07-14  2:14:30
